,name,x1,x2,y1,y2,classname
0,1800.jpg,0,0,0,0,blank
1,1799.jpg,0,0,0,0,blank
2,1797.jpg,789,1211,262,902,face_with_mask
3,1796.jpg,930,1167,207,522,face_with_mask
4,1796.jpg,476,675,222,465,face_with_mask
5,1795.jpg,687,729,1,56,face_no_mask
6,1795.jpg,324,398,57,152,face_no_mask
7,1795.jpg,125,204,83,188,face_with_mask
8,1795.jpg,564,607,16,86,face_no_mask
9,1794.jpg,444,672,126,432,face_with_mask
10,1793.jpg,296,383,53,176,face_with_mask
11,1792.jpeg,369,708,204,535,face_with_mask
12,1792.jpeg,456,564,236,324,face_with_mask
13,1791.jpg,82,291,3,310,face_with_mask
14,1790.jpg,196,427,78,410,face_with_mask
15,1789.jpg,642,726,55,175,face_with_mask
16,1788.jpg,630,1162,93,766,face_with_mask
17,1787.jpg,504,778,65,387,face_no_mask
18,1786.jpg,0,0,0,0,blank
19,1785.jpg,584,845,153,570,face_with_mask
20,1784.jpg,0,0,0,0,blank
21,1783.jpg,0,0,0,0,blank
22,1782.jpg,450,1047,72,854,face_no_mask
23,1782.jpg,1314,2045,1274,2257,face_with_mask
24,1781.jpg,801,1045,670,1022,face_no_mask
25,1780.jpg,477,733,156,482,face_with_mask
26,1779.jpeg,951,1968,790,2331,face_with_mask
27,1778.jpeg,0,0,0,0,blank
28,1777.jpg,111,245,66,255,face_with_mask
29,1776.jpg,415,679,176,511,face_with_mask
30,1775.jpg,286,507,273,565,face_no_mask
31,1774.jpg,1841,2273,400,970,face_with_mask
32,1773.jpg,242,538,65,532,face_with_mask
33,1772.jpg,0,0,0,0,blank
34,1771.jpg,1630,1972,808,1287,face_no_mask
35,1770.jpg,435,533,237,365,face_with_mask
36,1769.jpg,269,463,70,341,face_with_mask
37,1769.jpg,92,246,235,440,face_with_mask
38,1767.jpg,623,1153,214,738,face_with_mask
39,1767.jpg,44,434,36,415,face_with_mask
40,1766.jpg,0,0,0,0,blank
41,1765.jpg,507,673,110,312,face_with_mask
42,1763.jpeg,340,516,181,387,face_no_mask
43,1763.jpeg,1,197,238,486,face_with_mask
44,1762.png,0,0,0,0,blank
45,1761.jpg,0,0,0,0,blank
46,1760.jpeg,816,1101,192,605,face_with_mask
47,1759.png,464,526,83,157,face_with_mask
48,1758.jpg,364,454,38,171,face_with_mask
49,1757.jpg,210,752,421,1225,face_with_mask
50,1756.png,326,697,320,781,face_no_mask
51,1754.jpg,669,846,79,306,face_no_mask
52,1753.jpg,0,0,0,0,blank
53,1752.jpg,0,0,0,0,blank
54,1751.jpg,0,0,0,0,blank
55,1750.jpg,545,648,149,282,face_with_mask
56,1750.jpg,183,261,124,242,face_with_mask
57,1750.jpg,1340,1432,469,578,face_no_mask
58,1750.jpg,1129,1244,31,178,face_with_mask
59,1749.jpg,266,333,124,222,face_with_mask
60,1748.jpg,0,0,0,0,blank
61,1747.jpg,0,0,0,0,blank
62,1746.jpg,0,0,0,0,blank
63,1745.jpg,285,336,158,214,face_with_mask
64,1744.jpg,345,590,160,444,face_with_mask
65,1743.jpg,317,361,159,216,face_with_mask
66,1742.jpg,91,175,126,249,face_with_mask
67,1741.jpg,0,0,0,0,blank
68,1740.jpg,202,333,225,397,face_with_mask
69,1739.png,0,0,0,0,blank
70,1738.jpg,517,639,77,242,face_with_mask
71,1738.jpg,526,610,151,241,face_with_mask
72,1737.png,165,267,84,230,face_no_mask
73,1735.jpg,297,573,106,476,face_with_mask
74,1735.jpg,752,927,260,470,face_with_mask
75,1734.jpg,1017,1306,395,687,face_with_mask
76,1733.jpg,561,966,622,1210,face_with_mask
77,1732.jpg,3574,3830,519,891,face_no_mask
78,1731.jpg,0,0,0,0,blank
79,1730.jpg,258,366,68,201,face_no_mask
80,1730.jpg,205,241,98,136,face_with_mask
81,1729.jpg,137,206,59,177,face_with_mask
82,1728.jpg,0,0,0,0,blank
83,1727.jpg,165,539,0,366,face_with_mask
84,1726.jpg,0,0,0,0,blank
85,1725.jpg,76,155,46,146,face_with_mask
86,1725.jpg,352,441,92,202,face_no_mask
87,1725.jpg,137,218,134,235,face_with_mask
88,1725.jpg,660,699,308,358,face_with_mask
89,1725.jpg,50,144,156,275,face_no_mask
90,1725.jpg,572,646,183,301,face_no_mask
91,1725.jpg,107,162,302,362,face_with_mask
92,1724.jpg,506,604,69,198,face_with_mask
93,1724.jpg,284,378,108,240,face_with_mask
94,1724.jpg,88,208,74,222,face_with_mask
95,1724.jpg,0,84,159,267,face_no_mask
96,1724.jpg,377,472,97,217,face_with_mask
97,1723.jpg,249,570,171,535,face_with_mask
98,1722.jpg,77,371,38,462,face_with_mask
99,1721.jpg,0,0,0,0,blank
100,1720.jpeg,491,669,49,327,face_no_mask
101,1720.jpeg,121,244,53,209,face_with_mask
102,1718.jpg,0,0,0,0,blank
103,1717.jpg,260,329,405,483,face_with_mask
104,1716.jpg,505,716,490,708,face_with_mask
105,1715.jpg,566,710,216,416,face_with_mask
106,1714.png,259,392,174,345,face_with_mask
107,1714.png,442,576,202,373,face_with_mask
108,1714.png,646,730,231,352,face_with_mask
109,1713.jpg,283,497,81,406,face_with_mask
110,1712.png,655,751,138,250,face_with_mask
111,1712.png,347,429,182,274,face_with_mask
112,1712.png,13,97,75,189,face_with_mask
113,1711.jpg,473,568,63,177,face_no_mask
114,1711.jpg,133,238,71,200,face_no_mask
115,1711.jpg,311,409,170,289,face_no_mask
116,1710.jpg,265,370,53,194,face_with_mask
117,1710.jpg,260,321,87,153,face_with_mask
118,1709.jpg,0,0,0,0,blank
119,1708.jpg,240,424,218,446,face_with_mask
120,1707.jpg,0,0,0,0,blank
121,1706.jpg,0,0,0,0,blank
122,1705.jpg,323,404,34,170,face_with_mask
123,1704.jpg,712,845,129,287,face_with_mask
124,1704.jpg,419,560,156,323,face_with_mask
125,1703.jpg,236,453,398,680,face_no_mask
126,1703.jpg,0,144,124,373,face_no_mask
127,1703.jpg,2,163,464,699,face_no_mask
128,1703.jpg,489,587,291,415,face_no_mask
129,1703.jpg,532,757,420,748,face_no_mask
130,1702.jpg,219,476,52,376,face_with_mask
131,1701.jpg,816,1291,437,1131,face_with_mask
132,1700.jpg,0,0,0,0,blank
133,1699.jpg,158,224,129,220,face_with_mask
134,1698.jpg,145,239,133,222,face_with_mask
135,1697.jpg,0,0,0,0,blank
136,1695.jpg,686,812,106,277,face_with_mask
137,1694.jpg,183,255,44,143,face_no_mask
138,1693.jpg,956,2419,1222,3040,face_with_mask
139,1692.jpg,404,541,73,275,face_with_mask
140,1691.jpg,542,931,137,647,face_with_mask
141,1690.jpg,503,672,297,461,face_with_mask
142,1689.jpg,497,802,267,655,face_with_mask
143,1688.jpg,129,409,41,388,face_with_mask
144,1687.jpg,472,763,167,581,face_with_mask
145,1686.jpg,62,194,181,354,face_no_mask
146,1686.jpg,314,411,58,189,face_with_mask
147,1686.jpg,17,169,15,193,face_with_mask
148,1685.jpg,0,0,0,0,blank
149,1684.jpg,0,0,0,0,blank
150,1683.jpg,652,732,676,779,face_no_mask
151,1682.jpg,0,0,0,0,blank
152,1681.jpg,539,609,173,275,face_with_mask
153,1681.jpg,892,966,146,236,face_no_mask
154,1680.jpg,0,0,0,0,blank
155,1678.jpg,161,365,33,322,face_with_mask
156,1677.jpg,1130,1484,404,920,face_with_mask
157,1675.jpg,324,576,109,551,face_with_mask
158,1674.jpg,910,1002,209,332,face_no_mask
159,1673.jpg,0,0,0,0,blank
160,1672.jpg,0,0,0,0,blank
161,1671.jpg,0,0,0,0,blank
162,1670.jpg,0,0,0,0,blank
163,1669.jpg,298,460,65,279,face_with_mask
164,1668.jpg,1301,1691,237,796,face_with_mask
165,1668.jpg,2026,2243,1532,1756,face_with_mask
166,1667.jpg,0,0,0,0,blank
167,1666.jpg,550,607,204,276,face_with_mask
168,1665.jpg,615,746,72,256,face_with_mask
169,1664.jpg,1274,1963,292,1228,face_with_mask
170,1663.jpg,0,0,0,0,blank
171,1662.jpg,211,257,142,200,face_with_mask
172,1662.jpg,543,600,120,186,face_with_mask
173,1662.jpg,124,163,204,255,face_with_mask
174,1662.jpg,357,398,140,204,face_with_mask
175,1662.jpg,496,539,263,325,face_with_mask
176,1661.jpg,0,0,0,0,blank
177,1660.jpg,0,0,0,0,blank
178,1659.jpg,648,773,298,457,face_with_mask
179,1659.jpg,254,359,442,598,face_with_mask
180,1658.jpg,995,1108,250,405,face_with_mask
181,1657.jpg,0,0,0,0,blank
182,1656.jpg,569,668,145,270,face_with_mask
183,1655.jpg,923,1049,263,437,face_no_mask
184,1654.jpg,0,0,0,0,blank
185,1653.jpg,751,1128,209,731,face_with_mask
186,1653.jpg,298,640,413,816,face_with_mask
187,1652.jpg,2452,3330,336,1546,face_with_mask
188,1652.jpg,1111,1654,1320,2020,face_with_mask
189,1651.jpg,1803,1992,1108,1347,face_with_mask
190,1650.jpg,0,0,0,0,blank
191,1649.jpg,0,0,0,0,blank
192,1648.jpg,289,389,291,417,face_with_mask
193,1648.jpg,650,746,79,192,face_with_mask
194,1647.jpg,432,530,170,291,face_with_mask
195,1645.jpg,0,0,0,0,blank
196,1644.jpg,130,378,54,363,face_with_mask
197,1643.png,428,638,110,340,face_with_mask
198,1642.jpg,0,0,0,0,blank
199,1641.jpg,214,279,20,111,face_with_mask
200,1640.jpg,219,333,42,186,face_with_mask
201,1639.jpg,0,0,0,0,blank
202,1638.jpg,428,667,256,516,face_with_mask
203,1638.jpg,116,194,72,193,face_with_mask
204,1637.jpg,0,0,0,0,blank
205,1636.jpg,180,317,298,562,face_with_mask
206,1635.jpg,369,494,60,234,face_with_mask
207,1634.jpg,197,343,91,291,face_with_mask
208,1633.jpg,2,139,16,237,face_with_mask
209,1632.jpg,486,606,61,201,face_with_mask
210,1632.jpg,214,296,147,272,face_with_mask
211,1631.jpg,281,632,214,734,face_with_mask
212,1630.jpg,148,289,35,247,face_with_mask
213,1629.jpg,191,275,105,207,face_with_mask
214,1629.jpg,387,524,109,286,face_with_mask
215,1628.jpg,106,458,34,462,face_with_mask
216,1627.jpg,0,0,0,0,blank
217,1626.jpg,372,648,145,470,face_with_mask
218,1625.jpg,441,732,58,481,face_with_mask
219,1624.jpg,264,344,77,178,face_no_mask
220,1623.jpg,373,691,344,758,face_with_mask
221,1622.jpg,277,430,28,215,face_no_mask
222,1621.jpg,0,0,0,0,blank
223,1620.jpg,357,504,154,349,face_with_mask
224,1620.jpg,363,495,258,343,face_with_mask
225,1619.jpg,104,168,78,154,face_with_mask
226,1618.jpg,0,0,0,0,blank
227,1617.jpg,255,311,115,194,face_with_mask
228,1616.jpg,694,820,282,387,face_with_mask
229,1615.jpg,0,0,0,0,blank
230,1614.png,480,573,138,283,face_no_mask
231,1613.jpg,337,542,96,354,face_with_mask
232,1612.jpg,186,496,166,571,face_with_mask
233,1612.jpg,755,992,102,487,face_with_mask
234,1611.jpg,326,458,205,372,face_with_mask
235,1611.jpg,696,817,177,346,face_with_mask
236,1610.jpg,355,465,146,348,face_with_mask
237,1609.jpg,353,595,167,511,face_with_mask
238,1608.jpeg,595,902,174,655,face_with_mask
239,1605.jpg,795,1574,7,984,face_with_mask
240,1604.jpg,865,1467,85,869,face_no_mask
241,1603.jpg,379,478,103,237,face_with_mask
242,1603.jpg,190,289,65,199,face_with_mask
243,1602.jpeg,433,540,174,316,face_with_mask
244,1602.jpeg,97,219,36,188,face_with_mask
245,1601.jpg,260,413,96,305,face_with_mask
246,1600.jpg,831,1156,162,621,face_with_mask
247,1599.jpg,0,0,0,0,blank
248,1598.jpg,676,932,200,505,face_with_mask
249,1596.jpg,129,232,198,336,face_with_mask
250,1595.jpg,369,477,292,447,face_with_mask
251,1594.jpg,324,564,84,405,face_with_mask
252,1593.jpg,353,625,276,675,face_with_mask
253,1593.jpg,617,858,227,581,face_with_mask
254,1592.jpg,733,1018,258,662,face_with_mask
255,1591.jpg,622,729,73,192,face_with_mask
256,1591.jpg,180,290,90,213,face_with_mask
257,1590.jpg,304,596,210,634,face_with_mask
258,1589.jpg,49,311,69,497,face_with_mask
259,1588.jpg,0,0,0,0,blank
260,1587.jpg,0,0,0,0,blank
261,1586.jpg,0,0,0,0,blank
262,1585.jpg,0,0,0,0,blank
263,1584.jpg,118,617,107,817,face_with_mask
264,1583.jpg,613,1367,109,1027,face_with_mask
265,1582.jpg,0,0,0,0,blank
266,1581.jpg,0,0,0,0,blank
267,1580.jpg,0,0,0,0,blank
268,1579.jpg,71,247,85,370,face_with_mask
269,1578.jpg,0,0,0,0,blank
270,1577.jpg,241,596,306,722,face_with_mask
271,1576.jpg,127,534,209,752,face_no_mask
272,1575.jpg,266,369,221,346,face_no_mask
273,1574.jpg,413,690,127,495,face_with_mask
274,1573.jpg,0,0,0,0,blank
275,1572.jpg,136,739,41,897,face_with_mask
276,1571.jpg,225,377,125,357,face_with_mask
277,1570.jpg,338,608,198,521,face_with_mask
278,1569.jpg,264,446,82,323,face_with_mask
279,1568.jpg,218,490,45,373,face_with_mask
280,1567.jpg,381,437,338,382,face_with_mask
281,1566.jpg,320,388,118,229,face_with_mask
282,1565.jpg,0,0,0,0,blank
283,1564.jpg,591,698,137,271,face_with_mask
284,1564.jpg,173,282,87,238,face_with_mask
285,1563.jpg,312,369,64,135,face_no_mask
286,1563.jpg,197,248,62,135,face_with_mask
287,1563.jpg,506,572,85,161,face_with_mask
288,1562.jpg,307,486,54,326,face_with_mask
289,1561.jpg,376,875,222,912,face_no_mask
290,1560.jpg,190,613,163,797,face_with_mask
291,1559.jpg,331,430,6,141,face_with_mask
292,1558.png,330,527,59,321,face_with_mask
293,1557.jpg,89,214,121,266,face_with_mask
294,1556.jpg,308,454,186,381,face_with_mask
295,1555.jpg,146,358,95,368,face_with_mask
296,1554.jpg,307,504,70,317,face_with_mask
297,1553.jpg,202,380,90,346,face_with_mask
298,1552.jpg,171,290,59,208,face_with_mask
299,1552.jpg,690,801,60,208,face_with_mask
300,1551.jpg,0,0,0,0,blank
301,1550.jpg,59,103,248,300,face_no_mask
302,1549.jpg,369,790,142,712,face_with_mask
303,1549.jpg,452,795,131,423,face_with_mask
304,1548.jpg,133,470,57,514,face_with_mask
305,1547.jpg,0,0,0,0,blank
306,1546.jpg,646,792,114,292,face_with_mask
307,1546.jpg,329,449,334,518,face_with_mask
308,1546.jpg,835,917,249,353,face_with_mask
309,1546.jpg,100,224,275,464,face_with_mask
310,1545.jpg,338,454,253,435,face_with_mask
311,1544.jpg,559,812,258,595,face_with_mask
312,1543.jpg,220,298,115,216,face_with_mask
313,1542.jpg,367,1004,340,1209,face_with_mask
314,1541.jpg,409,529,189,323,face_no_mask
315,1540.jpg,0,0,0,0,blank
316,1539.jpg,242,698,314,1026,face_with_mask
317,1538.jpg,600,801,383,649,face_with_mask
318,1538.jpg,114,374,205,520,face_with_mask
319,1537.jpg,0,0,0,0,blank
320,1536.jpg,456,882,195,535,face_with_mask
321,1535.jpg,298,356,146,209,face_with_mask
322,1535.jpg,244,298,246,300,face_with_mask
323,1534.jpg,502,631,66,258,face_with_mask
324,1534.jpg,76,123,518,571,face_with_mask
325,1533.jpg,0,0,0,0,blank
326,1532.jpg,642,736,174,311,face_no_mask
327,1532.jpg,46,124,216,310,face_no_mask
328,1531.jpg,911,1070,5,231,face_with_mask
329,1530.jpg,270,402,200,395,face_no_mask
330,1529.jpg,0,0,0,0,blank
331,1528.jpg,214,307,41,169,face_with_mask
332,1527.jpg,541,734,110,369,face_with_mask
333,1526.jpg,696,1347,167,1109,face_with_mask
334,1526.jpg,1131,1362,425,623,face_with_mask
335,1525.jpg,173,302,175,338,face_no_mask
336,1525.jpg,0,91,154,301,face_no_mask
337,1525.jpg,702,827,271,404,face_with_mask
338,1524.jpg,0,0,0,0,blank
339,1523.jpg,412,730,181,636,face_with_mask
340,1522.jpg,0,0,0,0,blank
341,1521.jpg,0,0,0,0,blank
342,1520.jpg,353,744,128,677,face_with_mask
343,1519.jpg,392,692,79,670,face_no_mask
344,1518.jpg,401,677,233,612,face_with_mask
345,1517.jpg,182,541,101,584,face_no_mask
346,1516.jpg,882,930,97,172,face_with_mask
347,1515.jpg,395,710,112,517,face_with_mask
348,1514.jpg,427,658,115,367,face_with_mask
349,1513.jpg,391,683,162,534,face_with_mask
350,1512.jpg,294,527,140,486,face_no_mask
351,1511.jpg,0,0,0,0,blank
352,1510.jpg,0,0,0,0,blank
353,1509.jpg,0,0,0,0,blank
354,1508.jpg,0,0,0,0,blank
355,1507.jpg,469,516,18,81,face_no_mask
356,1506.jpg,445,642,108,383,face_with_mask
357,1505.jpg,376,422,90,132,face_with_mask
358,1504.jpg,448,546,110,247,face_no_mask
359,1504.jpg,851,1035,170,380,face_with_mask
360,1503.jpg,0,0,0,0,blank
361,1502.jpg,747,913,8,250,face_no_mask
362,1501.jpg,0,0,0,0,blank
363,1500.jpg,1059,1165,712,897,face_with_mask
364,1500.jpg,924,1005,443,546,face_with_mask
365,1499.jpg,580,624,266,323,face_with_mask
366,1498.jpg,894,1022,149,332,face_no_mask
367,1497.jpg,420,489,119,206,face_with_mask
368,1496.jpg,312,449,385,551,face_with_mask
369,1496.jpg,527,572,153,213,face_with_mask
370,1496.jpg,119,224,331,445,face_with_mask
371,1496.jpg,549,623,216,313,face_with_mask
372,1495.jpg,420,475,73,161,face_with_mask
373,1494.jpg,0,0,0,0,blank
374,1493.jpg,253,537,352,701,face_with_mask
375,1492.jpg,129,544,0,507,face_with_mask
376,1491.jpg,565,857,115,476,face_with_mask
377,1490.jpg,516,833,86,456,face_with_mask
378,1489.jpg,0,0,0,0,blank
379,1488.jpg,257,746,43,826,face_with_mask
380,1487.jpg,276,411,129,317,face_with_mask
381,1486.jpg,248,374,104,266,face_with_mask
382,1485.jpg,516,555,80,129,face_with_mask
383,1485.jpg,387,427,52,100,face_with_mask
384,1484.jpg,285,389,84,225,face_with_mask
385,1482.jpg,346,464,98,267,face_with_mask
386,1481.jpg,214,287,24,132,face_with_mask
387,1480.png,451,500,56,121,face_no_mask
388,1480.png,86,205,25,185,face_with_mask
389,1480.png,565,683,18,158,face_with_mask
390,1479.jpg,0,0,0,0,blank
391,1478.jpg,313,439,99,235,face_with_mask
392,1478.jpg,36,172,77,242,face_with_mask
393,1478.jpg,506,625,135,295,face_with_mask
394,1477.jpg,270,547,118,500,face_no_mask
395,1476.jpg,0,0,0,0,blank
396,1474.jpg,397,472,109,197,face_with_mask
397,1474.jpg,675,722,252,302,face_with_mask
398,1474.jpg,570,620,188,251,face_with_mask
399,1473.jpg,215,540,47,501,face_with_mask
400,1472.jpg,0,0,0,0,blank
401,1471.jpg,94,607,40,530,face_with_mask
402,1470.jpg,0,0,0,0,blank
403,1469.jpg,708,850,197,382,face_with_mask
404,1469.jpg,463,593,163,330,face_with_mask
405,1468.jpeg,0,0,0,0,blank
406,1467.jpg,0,0,0,0,blank
407,1466.jpg,104,249,17,237,face_with_mask
408,1466.jpg,439,552,72,207,face_with_mask
409,1465.jpg,0,0,0,0,blank
410,1464.jpg,176,309,6,116,face_with_mask
411,1463.jpg,528,629,98,217,face_with_mask
412,1462.jpg,406,517,82,233,face_with_mask
413,1461.jpg,0,0,0,0,blank
414,1460.jpg,211,276,16,93,face_with_mask
415,1460.jpg,414,496,95,198,face_with_mask
416,1459.jpg,0,0,0,0,blank
417,1458.jpg,1373,1603,706,973,face_with_mask
418,1458.jpg,1730,1886,656,873,face_with_mask
419,1457.jpg,0,0,0,0,blank
420,1456.jpg,340,553,77,347,face_with_mask
421,1455.jpg,352,756,17,538,face_with_mask
422,1454.jpg,473,600,100,272,face_with_mask
423,1454.jpg,19,487,13,403,face_with_mask
424,1453.jpg,472,870,31,528,face_with_mask
425,1452.jpg,758,916,24,249,face_with_mask
426,1452.jpg,553,679,112,300,face_with_mask
427,1452.jpg,64,215,242,380,face_with_mask
428,1451.jpeg,0,0,0,0,blank
429,1450.jpg,0,0,0,0,blank
430,1449.jpg,80,321,206,571,face_with_mask
431,1449.jpg,689,952,85,445,face_with_mask
432,1448.jpg,554,650,622,729,face_with_mask
433,1447.jpg,0,0,0,0,blank
434,1446.jpg,645,692,198,268,face_with_mask
435,1445.jpg,0,0,0,0,blank
436,1444.jpg,417,481,151,235,face_with_mask
437,1444.jpg,703,761,123,190,face_with_mask
438,1443.jpg,0,0,0,0,blank
439,1442.jpg,375,449,145,275,face_with_mask
440,1441.jpg,921,1181,328,608,face_with_mask
441,1440.jpg,353,494,126,302,face_with_mask
442,1439.jpg,122,279,223,442,face_with_mask
443,1439.jpg,435,666,121,441,face_with_mask
444,1438.jpg,246,290,50,104,face_with_mask
445,1438.jpg,430,492,219,335,face_with_mask
446,1437.jpg,0,0,0,0,blank
447,1436.jpg,100,229,58,219,face_no_mask
448,1436.jpg,1332,1515,85,308,face_with_mask
449,1435.jpg,0,0,0,0,blank
450,1434.jpg,0,0,0,0,blank
451,1433.jpg,449,537,140,238,face_with_mask
452,1433.jpg,624,690,82,157,face_no_mask
453,1433.jpg,67,124,136,204,face_with_mask
454,1432.jpg,85,197,93,245,face_with_mask
455,1432.jpg,652,772,81,227,face_with_mask
456,1432.jpg,344,448,99,256,face_with_mask
457,1431.jpg,0,0,0,0,blank
458,1430.jpg,330,1103,218,1288,face_with_mask
459,1429.jpg,0,0,0,0,blank
460,1428.jpg,463,523,114,203,face_with_mask
461,1428.jpg,251,318,16,108,face_with_mask
462,1428.jpg,725,787,79,156,face_with_mask
463,1427.jpg,338,392,75,129,face_with_mask
464,1426.jpg,1802,2137,785,1204,face_with_mask
465,1425.png,587,756,473,635,face_with_mask
466,1424.jpg,0,0,0,0,blank
467,1423.jpg,461,623,113,330,face_with_mask
468,1423.jpg,214,375,136,338,face_with_mask
469,1422.jpg,617,780,126,354,face_with_mask
470,1421.jpg,0,0,0,0,blank
471,1420.jpg,0,0,0,0,blank
472,1419.jpg,0,0,0,0,blank
473,1418.jpg,693,767,330,422,face_with_mask
474,1418.jpg,46,114,137,232,face_with_mask
475,1418.jpg,521,585,354,453,face_with_mask
476,1417.jpg,534,660,314,467,face_with_mask
477,1416.jpg,1700,1954,126,416,face_with_mask
478,1415.jpg,112,162,109,164,face_with_mask
479,1415.jpg,396,450,48,109,face_with_mask
480,1413.jpg,662,822,212,455,face_with_mask
481,1413.jpg,1064,1162,689,784,face_with_mask
482,1413.jpg,902,1116,162,428,face_with_mask
483,1412.jpg,0,0,0,0,blank
484,1411.jpg,663,814,296,490,face_with_mask
485,1410.jpg,569,658,346,462,face_with_mask
486,1409.jpg,439,855,73,578,face_no_mask
487,1407.jpg,0,0,0,0,blank
488,1406.jpg,263,670,119,747,face_with_mask
489,1405.jpg,359,640,103,465,face_with_mask
490,1405.jpg,0,285,37,543,face_no_mask
491,1404.jpg,0,0,0,0,blank
492,1403.jpg,232,380,212,417,face_with_mask
493,1402.jpg,0,0,0,0,blank
494,1400.jpg,0,0,0,0,blank
495,1399.jpg,0,0,0,0,blank
496,1398.jpg,0,0,0,0,blank
497,1397.jpg,340,410,56,156,face_with_mask
498,1397.jpg,44,110,151,242,face_with_mask
499,1396.jpg,0,0,0,0,blank
500,1395.jpg,446,564,89,238,face_with_mask
501,1394.jpg,0,0,0,0,blank
502,1393.jpg,374,458,106,222,face_with_mask
503,1392.jpg,0,0,0,0,blank
504,1391.jpg,0,0,0,0,blank
505,1390.jpg,560,678,194,360,face_with_mask
506,1389.jpg,396,433,139,192,face_with_mask
507,1388.jpg,0,0,0,0,blank
508,1387.jpg,0,0,0,0,blank
509,1386.jpg,531,613,186,290,face_with_mask
510,1386.jpg,563,605,99,154,face_with_mask
511,1386.jpg,32,121,112,219,face_with_mask
512,1386.jpg,237,317,201,303,face_with_mask
513,1386.jpg,348,386,113,157,face_no_mask
514,1385.jpg,237,284,334,389,face_with_mask
515,1384.jpg,0,0,0,0,blank
516,1383.jpg,136,316,91,308,face_with_mask
517,1382.jpg,0,0,0,0,blank
518,1381.jpg,22,225,358,607,face_with_mask
519,1381.jpg,380,549,14,253,face_with_mask
520,1381.jpg,436,506,510,640,face_with_mask
521,1380.jpg,0,0,0,0,blank
522,1379.jpg,0,0,0,0,blank
523,1378.jpg,230,367,97,303,face_with_mask
524,1377.jpg,862,1118,546,913,face_with_mask
525,1377.jpg,885,1077,565,778,face_with_mask
526,1376.jpg,402,482,258,333,face_with_mask
527,1375.jpg,0,0,0,0,blank
528,1374.jpg,511,677,112,294,face_with_mask
529,1374.jpg,201,320,111,233,face_with_mask
530,1373.jpg,0,0,0,0,blank
531,1372.jpg,0,0,0,0,blank
532,1371.jpg,0,0,0,0,blank
533,1370.jpg,11,107,394,544,face_with_mask
534,1370.jpg,691,770,113,256,face_with_mask
535,1369.jpg,409,579,86,355,face_no_mask
536,1368.jpg,214,318,92,208,face_with_mask
537,1368.jpg,481,581,118,228,face_with_mask
538,1367.jpg,0,0,0,0,blank
539,1366.jpg,408,514,129,277,face_with_mask
540,1365.jpg,1557,2183,768,1544,face_no_mask
541,1364.jpg,360,482,57,221,face_with_mask
542,1363.jpg,181,903,200,1268,face_with_mask
543,1362.jpg,713,1098,293,781,face_with_mask
544,1361.jpg,203,337,47,209,face_with_mask
545,1360.jpg,883,949,159,244,face_with_mask
546,1360.jpg,569,716,219,431,face_with_mask
547,1360.jpg,93,251,250,445,face_with_mask
548,1359.jpg,806,1014,134,395,face_with_mask
549,1358.jpg,0,0,0,0,blank
550,1356.jpg,334,399,171,246,face_with_mask
551,1355.jpg,537,590,75,148,face_with_mask
552,1355.jpg,332,392,211,288,face_with_mask
553,1355.jpg,927,995,56,147,face_with_mask
554,1353.jpg,303,384,54,148,face_with_mask
555,1353.jpg,72,143,81,173,face_with_mask
556,1352.jpg,0,0,0,0,blank
557,1351.jpg,0,0,0,0,blank
558,1350.jpg,541,775,596,789,face_with_mask
559,1350.jpg,1105,1222,409,565,face_with_mask
560,1350.jpg,1795,1910,274,472,face_with_mask
561,1350.jpg,424,639,76,387,face_with_mask
562,1349.jpg,0,0,0,0,blank
563,1348.jpg,0,0,0,0,blank
564,1347.jpg,243,294,135,198,face_with_mask
565,1346.jpg,0,0,0,0,blank
566,1345.jpg,0,0,0,0,blank
567,1344.jpg,523,613,261,374,face_with_mask
568,1343.jpg,301,616,254,668,face_with_mask
569,1343.jpg,709,1050,154,546,face_with_mask
570,1342.jpg,158,226,102,197,face_with_mask
571,1342.jpg,238,305,129,207,face_with_mask
572,1342.jpg,108,179,2,71,face_with_mask
573,1341.jpg,0,0,0,0,blank
574,1340.jpg,268,367,132,278,face_with_mask
575,1339.jpg,710,1053,362,742,face_with_mask
576,1338.jpg,188,455,245,554,face_with_mask
577,1337.jpg,0,0,0,0,blank
578,1336.jpg,313,417,145,286,face_no_mask
579,1336.jpg,151,233,92,194,face_with_mask
580,1335.jpg,0,0,0,0,blank
581,1334.jpg,11,96,244,348,face_no_mask
582,1333.jpg,234,398,282,399,face_with_mask
583,1333.jpg,204,408,238,474,face_with_mask
584,1333.jpg,821,1013,199,465,face_with_mask
585,1332.jpg,0,0,0,0,blank
586,1330.jpg,440,490,118,182,face_with_mask
587,1330.jpg,226,277,90,158,face_with_mask
588,1329.jpg,0,0,0,0,blank
589,1328.jpg,0,0,0,0,blank
590,1327.jpg,0,0,0,0,blank
591,1325.jpg,383,614,192,482,face_with_mask
592,1325.jpg,418,598,201,362,face_with_mask
593,1324.jpg,0,0,0,0,blank
594,1323.jpg,695,945,300,601,face_with_mask
595,1322.jpg,124,357,94,289,face_with_mask
596,1321.png,785,922,67,296,face_with_mask
597,1320.jpg,0,0,0,0,blank
598,1319.jpg,166,386,279,600,face_with_mask
599,1318.jpg,0,0,0,0,blank
600,1317.jpg,0,0,0,0,blank
601,1316.jpg,588,711,616,772,face_with_mask
602,1315.jpg,0,0,0,0,blank
603,1314.jpg,167,352,199,440,face_with_mask
604,1313.jpg,889,1013,307,480,face_with_mask
605,1313.jpg,753,862,374,540,face_with_mask
606,1313.jpg,388,500,363,534,face_with_mask
607,1313.jpg,1125,1228,232,358,face_with_mask
608,1312.jpg,694,990,1423,1777,face_with_mask
609,1310.jpg,518,606,118,219,face_with_mask
610,1310.jpg,620,681,107,188,face_no_mask
611,1309.jpg,60,319,144,453,face_with_mask
612,1309.jpg,443,679,156,498,face_with_mask
613,1308.jpg,946,2073,269,1817,face_with_mask
614,1307.jpg,558,699,164,394,face_with_mask
615,1306.jpg,293,449,63,279,face_with_mask
616,1305.jpg,39,260,693,987,face_no_mask
617,1305.jpg,0,169,227,503,face_with_mask
618,1305.jpg,314,573,593,923,face_with_mask
619,1305.jpg,853,1000,271,565,face_with_mask
620,1304.jpg,0,0,0,0,blank
621,1303.jpg,526,671,193,372,face_with_mask
622,1303.jpg,888,983,200,318,face_with_mask
623,1302.jpg,180,324,271,459,face_with_mask
624,1302.jpg,385,524,207,395,face_with_mask
625,1301.jpg,456,596,264,454,face_with_mask
626,1300.jpg,151,394,207,532,face_with_mask
627,1299.jpg,0,0,0,0,blank
628,1298.jpg,268,533,211,621,face_with_mask
629,1297.jpg,245,371,87,265,face_with_mask
630,1296.jpg,842,1157,117,478,face_with_mask
631,1296.jpg,53,376,145,518,face_no_mask
632,1295.jpg,121,178,103,180,face_with_mask
633,1295.jpg,339,400,67,136,face_with_mask
634,1294.jpg,903,1229,2,384,face_with_mask
635,1293.jpg,0,0,0,0,blank
636,1292.jpg,0,0,0,0,blank
637,1291.jpg,251,393,27,222,face_with_mask
638,1290.jpg,0,0,0,0,blank
639,1289.jpg,412,520,108,257,face_no_mask
640,1289.jpg,184,278,247,371,face_no_mask
641,1288.jpg,207,503,280,710,face_no_mask
642,1286.jpg,167,381,381,656,face_with_mask
643,1286.jpg,1459,1678,508,801,face_with_mask
644,1286.jpg,604,916,123,466,face_with_mask
645,1285.jpg,0,0,0,0,blank
646,1284.jpeg,0,0,0,0,blank
647,1283.jpg,397,655,173,489,face_no_mask
648,1281.jpg,117,254,122,279,face_with_mask
649,1280.jpg,238,665,11,428,face_with_mask
650,1279.jpg,308,468,50,263,face_with_mask
651,1278.jpg,321,474,63,330,face_with_mask
652,1277.jpg,124,567,100,695,face_with_mask
653,1276.jpg,505,572,110,212,face_with_mask
654,1276.jpg,205,298,76,212,face_with_mask
655,1276.jpg,698,780,112,218,face_with_mask
656,1275.jpg,262,350,173,256,face_with_mask
657,1274.jpg,0,0,0,0,blank
658,1271.jpg,1871,3466,845,2591,face_with_mask
659,1270.jpg,0,0,0,0,blank
660,1269.jpg,560,613,126,185,face_with_mask
661,1269.jpg,48,90,135,172,face_with_mask
662,1268.jpg,0,0,0,0,blank
663,1267.jpg,92,244,139,328,face_with_mask
664,1266.jpg,467,546,43,155,face_with_mask
665,1266.jpg,322,376,174,251,face_with_mask
666,1266.jpg,124,192,52,131,face_with_mask
667,1265.jpg,436,623,67,330,face_with_mask
668,1264.jpg,220,471,326,685,face_with_mask
669,1263.jpeg,0,0,0,0,blank
670,1262.jpg,336,456,80,235,face_with_mask
671,1262.jpg,594,702,262,410,face_with_mask
672,1261.jpg,414,507,78,211,face_with_mask
673,1260.jpg,0,0,0,0,blank
674,1259.jpg,411,491,38,151,face_with_mask
675,1258.jpg,207,267,141,227,face_with_mask
676,1257.jpg,0,0,0,0,blank
677,1256.jpg,302,360,236,298,face_with_mask
678,1255.jpg,342,462,106,240,face_with_mask
679,1254.jpg,167,334,142,340,face_with_mask
680,1253.jpg,388,560,104,302,face_with_mask
681,1252.jpg,298,408,102,250,face_with_mask
682,1251.jpg,259,441,104,335,face_with_mask
683,1250.jpg,974,1680,451,1508,face_with_mask
684,1249.jpg,323,370,43,94,face_with_mask
685,1248.jpg,0,0,0,0,blank
686,1247.jpg,219,512,163,528,face_with_mask
687,1246.jpg,0,0,0,0,blank
688,1245.jpg,152,287,57,226,face_with_mask
689,1245.jpg,381,480,27,134,face_no_mask
690,1244.jpg,583,705,45,206,face_with_mask
691,1243.jpg,155,595,0,608,face_with_mask
692,1242.jpeg,547,710,76,303,face_with_mask
693,1241.jpg,0,0,0,0,blank
694,1240.jpg,131,528,217,764,face_no_mask
695,1239.jpg,110,193,85,191,face_with_mask
696,1239.jpg,469,584,133,270,face_with_mask
697,1238.jpg,309,457,67,331,face_with_mask
698,1238.jpg,21,61,26,84,face_with_mask
699,1237.jpg,433,625,61,302,face_with_mask
700,1237.jpg,47,291,22,338,face_no_mask
701,1236.jpg,520,964,32,651,face_with_mask
702,1236.jpg,1027,1455,685,1291,face_with_mask
703,1235.jpg,126,185,170,258,face_with_mask
704,1234.jpg,282,700,4,645,face_with_mask
705,1233.jpg,488,615,147,301,face_with_mask
706,1232.jpg,499,560,98,194,face_with_mask
707,1230.jpg,0,0,0,0,blank
708,1229.jpg,228,440,143,480,face_with_mask
709,1226.jpg,0,0,0,0,blank
710,1224.jpg,361,549,75,358,face_with_mask
711,1223.jpg,642,945,115,587,face_with_mask
712,1222.jpg,65,340,84,448,face_no_mask
713,1221.jpg,0,0,0,0,blank
714,1220.jpg,439,722,143,467,face_with_mask
715,1219.jpg,0,0,0,0,blank
716,1218.jpg,1843,2230,262,923,face_with_mask
717,1217.jpg,0,0,0,0,blank
718,1216.jpg,0,0,0,0,blank
719,1215.jpg,2910,3170,925,1263,face_with_mask
720,1214.jpg,1858,2614,865,1769,face_with_mask
721,1213.jpg,0,0,0,0,blank
722,1212.jpg,0,0,0,0,blank
723,1211.jpg,1857,2161,394,839,face_with_mask
724,1211.jpg,687,977,180,640,face_with_mask
725,1210.jpg,1113,1259,564,741,face_with_mask
726,1209.jpg,0,0,0,0,blank
727,1208.jpg,54,223,84,277,face_with_mask
728,1207.jpg,324,549,64,417,face_with_mask
729,1206.jpg,2001,2134,132,328,face_with_mask
730,1205.jpg,533,658,77,245,face_no_mask
731,1205.jpg,120,230,170,323,face_with_mask
732,1205.jpg,1043,1154,120,286,face_with_mask
733,1204.jpg,0,0,0,0,blank
734,1201.jpg,194,838,287,1079,face_with_mask
735,1200.jpg,428,730,141,446,face_no_mask
736,1200.jpg,70,336,216,532,face_with_mask
737,1199.jpg,283,752,253,630,face_no_mask
738,1198.jpg,0,0,0,0,blank
739,1197.jpg,476,565,75,187,face_with_mask
740,1196.jpg,564,768,156,436,face_no_mask
741,1195.jpg,1484,2744,463,1881,face_with_mask
742,1193.jpg,105,304,92,345,face_no_mask
743,1192.jpg,404,644,221,602,face_with_mask
744,1191.jpg,156,242,102,229,face_with_mask
745,1190.jpg,767,998,389,573,face_with_mask
746,1189.jpg,930,1030,212,327,face_with_mask
747,1189.jpg,576,658,187,305,face_with_mask
748,1188.jpg,549,808,179,498,face_with_mask
749,1188.jpg,7,278,181,504,face_with_mask
750,1187.jpg,343,775,174,761,face_no_mask
751,1187.jpg,1676,2135,413,1047,face_no_mask
752,1185.jpg,356,461,57,201,face_with_mask
753,1183.jpg,0,0,0,0,blank
754,1182.jpg,282,832,123,887,face_with_mask
755,1181.jpg,0,0,0,0,blank
756,1180.jpg,144,265,57,216,face_with_mask
757,1180.jpg,463,603,164,330,face_with_mask
758,1179.jpg,409,493,477,541,face_with_mask
759,1178.jpg,0,0,0,0,blank
760,1177.jpg,535,758,67,370,face_with_mask
761,1177.jpg,99,299,193,470,face_with_mask
762,1176.jpg,1003,2348,1146,2951,face_no_mask
763,1175.jpg,0,0,0,0,blank
764,1174.jpg,273,394,374,510,face_with_mask
765,1173.jpg,652,1417,349,1370,face_with_mask
766,1172.jpg,154,296,135,342,face_with_mask
767,1171.jpg,296,1246,95,1075,face_with_mask
768,1170.jpg,0,0,0,0,blank
769,1169.jpg,310,401,175,283,face_with_mask
770,1169.jpg,82,174,27,106,face_with_mask
771,1169.jpg,582,678,159,242,face_with_mask
772,1168.jpg,231,467,143,425,face_with_mask
773,1167.jpg,553,648,91,239,face_with_mask
774,1166.jpg,286,482,67,299,face_with_mask
775,1165.jpg,197,483,192,556,face_no_mask
776,1164.jpg,0,0,0,0,blank
777,1163.jpg,0,0,0,0,blank
778,1162.jpeg,0,0,0,0,blank
779,1161.jpg,0,0,0,0,blank
780,1160.jpg,385,727,291,737,face_with_mask
781,1159.jpg,164,540,0,450,face_with_mask
782,1158.jpg,0,0,0,0,blank
783,1157.jpg,0,0,0,0,blank
784,1156.jpg,549,638,93,182,face_with_mask
785,1156.jpg,251,337,123,213,face_with_mask
786,1156.jpg,110,201,246,346,face_with_mask
787,1155.jpg,151,843,62,889,face_with_mask
788,1154.jpg,179,524,333,785,face_with_mask
789,1153.jpg,496,564,218,304,face_with_mask
790,1152.jpg,0,0,0,0,blank
791,1151.jpg,0,0,0,0,blank
792,1149.jpg,0,0,0,0,blank
793,1148.jpg,0,0,0,0,blank
794,1147.jpg,281,365,141,235,face_with_mask
795,1146.jpg,2053,2552,815,1522,face_no_mask
796,1146.jpg,2738,3286,1394,1996,face_no_mask
797,1146.jpg,1129,1584,749,1287,face_no_mask
798,1145.jpg,254,391,137,308,face_with_mask
799,1144.jpg,601,771,85,295,face_with_mask
800,1144.jpg,234,401,104,328,face_with_mask
801,1143.jpg,380,605,115,424,face_with_mask
802,1142.jpg,0,0,0,0,blank
803,1141.jpg,363,519,151,359,face_no_mask
804,1140.jpg,357,480,83,259,face_with_mask
805,1140.jpg,565,695,137,306,face_no_mask
806,1139.jpg,0,0,0,0,blank
807,1138.jpg,176,591,188,738,face_no_mask
808,1137.jpg,364,563,100,388,face_with_mask
809,1136.jpg,373,697,90,512,face_with_mask
810,1135.jpg,141,564,149,730,face_with_mask
811,1134.jpg,770,837,115,195,face_no_mask
812,1133.jpg,0,0,0,0,blank
813,1132.jpg,391,694,125,491,face_with_mask
814,1131.jpg,420,726,142,561,face_with_mask
815,1131.jpg,229,431,77,422,face_with_mask
816,1130.jpg,61,130,185,280,face_with_mask
817,1130.jpg,289,345,230,307,face_with_mask
818,1130.jpg,273,336,101,203,face_with_mask
819,1130.jpg,641,704,230,311,face_with_mask
820,1130.jpg,472,546,0,63,face_no_mask
821,1130.jpg,696,746,266,332,face_with_mask
822,1130.jpg,800,862,0,87,face_with_mask
823,1130.jpg,770,820,300,378,face_with_mask
824,1129.jpg,45,83,155,203,face_with_mask
825,1128.jpg,0,0,0,0,blank
826,1127.jpg,335,503,125,360,face_with_mask
827,1125.jpg,505,587,1,125,face_with_mask
828,1125.jpg,60,140,154,275,face_with_mask
829,1124.jpg,471,571,125,243,face_with_mask
830,1123.jpg,456,541,236,300,face_with_mask
831,1122.jpg,0,0,0,0,blank
832,1121.jpg,0,0,0,0,blank
833,1120.jpg,593,664,93,195,face_with_mask
834,1120.jpg,259,323,92,188,face_with_mask
835,1119.jpg,338,465,204,364,face_with_mask
836,1118.jpg,193,318,299,473,face_no_mask
837,1117.jpg,515,1938,416,2340,face_with_mask
838,1116.jpg,684,863,299,527,face_with_mask
839,1116.jpg,126,292,247,451,face_with_mask
840,1116.jpg,379,575,203,452,face_with_mask
841,1115.jpg,241,355,134,262,face_with_mask
842,1114.png,431,543,68,224,face_with_mask
843,1113.jpg,551,622,94,181,face_with_mask
844,1113.jpg,376,440,118,221,face_with_mask
845,1112.jpg,159,883,258,1416,face_with_mask
846,1111.jpg,200,515,94,556,face_no_mask
847,1110.jpg,349,727,208,758,face_with_mask
848,1109.jpg,309,495,70,344,face_with_mask
849,1108.jpg,502,591,112,236,face_with_mask
850,1107.jpg,177,459,184,593,face_with_mask
851,1106.jpg,171,382,111,406,face_with_mask
852,1105.jpg,363,450,115,214,face_with_mask
853,1104.jpg,396,549,3,276,face_with_mask
854,1103.png,90,260,268,492,face_with_mask
855,1102.jpg,129,474,61,426,face_no_mask
856,1101.jpg,455,666,106,398,face_with_mask
857,1101.jpg,215,408,178,488,face_with_mask
858,1099.jpg,258,388,98,273,face_no_mask
859,1098.jpg,355,436,259,366,face_with_mask
860,1098.jpg,335,396,160,243,face_with_mask
861,1098.jpg,502,580,239,329,face_with_mask
862,1098.jpg,654,738,197,301,face_with_mask
863,1098.jpg,611,674,69,160,face_with_mask
864,1097.jpg,162,714,79,831,face_no_mask
865,1096.jpg,273,827,1,455,face_with_mask
866,1095.jpg,149,431,86,432,face_no_mask
867,1094.jpg,438,501,53,136,face_with_mask
868,1093.jpg,317,510,208,435,face_with_mask
869,1093.jpg,959,1140,352,575,face_with_mask
870,1093.jpg,553,778,263,561,face_with_mask
871,1093.jpg,742,860,3,194,face_with_mask
872,1092.jpg,0,0,0,0,blank
873,1091.jpg,24,213,274,557,face_no_mask
874,1091.jpg,254,391,82,262,face_with_mask
875,1090.jpg,398,447,63,128,face_with_mask
876,1090.jpg,556,607,88,150,face_with_mask
877,1089.jpg,112,681,186,903,face_no_mask
878,1088.jpg,297,545,146,488,face_no_mask
879,1087.jpg,473,623,151,340,face_with_mask
880,1086.jpg,407,682,278,738,face_no_mask
881,1085.jpg,393,848,1544,2009,face_with_mask
882,1085.jpg,451,750,1662,1964,face_with_mask
883,1083.jpg,133,427,71,461,face_with_mask
884,1081.jpg,317,514,65,340,face_no_mask
885,1080.jpg,75,308,231,556,face_no_mask
886,1079.jpg,200,496,204,608,face_no_mask
887,1079.jpg,557,774,162,422,face_no_mask
888,1078.jpg,275,483,83,339,face_with_mask
889,1078.jpg,548,894,21,429,face_with_mask
890,1077.jpg,1571,1864,401,751,face_with_mask
891,1076.jpg,109,157,110,169,face_with_mask
892,1076.jpg,546,590,132,185,face_with_mask
893,1075.jpg,0,0,0,0,blank
894,1074.jpeg,309,352,3,52,face_with_mask
895,1072.jpg,0,0,0,0,blank
896,1071.jpg,298,445,90,292,face_with_mask
897,1070.png,0,0,0,0,blank
898,1069.jpg,0,0,0,0,blank
899,1068.png,259,509,156,444,face_with_mask
900,1067.jpg,356,538,80,347,face_with_mask
901,1066.jpg,173,521,169,692,face_with_mask
902,1065.jpg,0,0,0,0,blank
903,1064.jpg,1436,1792,466,960,face_with_mask
904,1063.jpg,705,1052,415,885,face_with_mask
905,1063.jpg,1326,1667,199,615,face_with_mask
906,1062.jpg,0,0,0,0,blank
907,1061.jpg,481,529,107,171,face_with_mask
908,1061.jpg,283,330,32,114,face_with_mask
909,1061.jpg,271,352,138,277,face_with_mask
910,1059.jpg,36,358,96,525,face_no_mask
911,1059.jpg,846,1115,0,299,face_no_mask
912,1058.jpg,298,728,209,690,face_with_mask
913,1057.jpg,0,0,0,0,blank
914,1055.jpg,520,640,127,274,face_with_mask
915,1054.jpg,335,464,71,323,face_with_mask
916,1053.jpg,537,850,140,556,face_with_mask
917,1052.jpg,310,733,188,813,face_no_mask
918,1051.jpg,180,253,62,158,face_with_mask
919,1050.jpg,0,0,0,0,blank
920,1048.jpg,0,0,0,0,blank
921,1047.jpg,297,399,78,216,face_with_mask
922,1046.jpg,7,133,50,211,face_with_mask
923,1046.jpg,363,447,51,175,face_with_mask
924,1044.jpg,251,365,243,372,face_with_mask
925,1044.jpg,463,525,151,235,face_no_mask
926,1043.jpg,0,0,0,0,blank
927,1042.jpg,419,714,497,899,face_with_mask
928,1041.jpg,121,299,163,382,face_with_mask
929,1040.jpg,176,545,156,704,face_with_mask
930,1039.jpg,292,546,112,361,face_with_mask
931,1038.jpg,285,383,54,182,face_with_mask
932,1037.png,218,386,112,352,face_with_mask
933,1036.png,0,0,0,0,blank
934,1035.jpeg,74,173,107,239,face_no_mask
935,1035.jpeg,325,447,57,243,face_with_mask
936,1034.jpg,164,417,95,452,face_no_mask
937,1033.jpg,0,0,0,0,blank
938,1032.jpg,296,599,89,440,face_with_mask
939,1031.jpg,0,0,0,0,blank
940,1030.jpg,273,364,228,333,face_with_mask
941,1029.jpg,261,597,196,651,face_with_mask
942,1028.jpg,502,675,64,320,face_with_mask
943,1027.jpg,105,216,53,205,face_with_mask
944,1026.jpg,0,0,0,0,blank
945,1025.jpg,171,565,202,772,face_no_mask
946,1024.jpeg,0,0,0,0,blank
947,1023.jpg,0,385,247,822,face_with_mask
948,1022.jpg,194,386,141,367,face_with_mask
949,1021.jpg,185,327,133,325,face_with_mask
950,1020.jpg,570,933,291,786,face_with_mask
951,1019.jpg,185,335,89,288,face_with_mask
952,1017.jpg,0,0,0,0,blank
953,1016.jpg,286,529,204,548,face_no_mask
954,1015.jpg,0,0,0,0,blank
955,1014.jpg,299,451,145,360,face_with_mask
956,1013.jpg,257,386,213,360,face_with_mask
957,1012.jpg,192,387,163,402,face_with_mask
958,1011.jpg,448,712,264,710,face_no_mask
959,1011.jpg,295,436,251,449,face_with_mask
960,1009.jpg,0,0,0,0,blank
961,1008.jpg,237,358,178,363,face_with_mask
962,1007.jpg,0,0,0,0,blank
963,1006.jpg,590,654,110,188,face_with_mask
964,1005.jpg,0,0,0,0,blank
965,1004.jpg,799,1016,129,548,face_with_mask
966,1004.jpg,359,491,245,429,face_with_mask
967,1003.jpg,782,844,376,460,face_with_mask
968,1002.jpg,252,342,57,173,face_with_mask
969,1001.jpg,281,349,80,176,face_with_mask
970,1000.jpg,477,710,111,396,face_with_mask
971,0999.png,135,483,150,528,face_with_mask
972,0998.jpg,410,621,96,381,face_with_mask
973,0997.jpg,0,0,0,0,blank
974,0996.jpg,0,0,0,0,blank
975,0995.jpg,1326,1606,30,363,face_with_mask
976,0995.jpg,1102,1309,108,376,face_no_mask
977,0995.jpg,501,862,110,626,face_with_mask
978,0995.jpg,475,704,65,426,face_with_mask
979,0994.jpg,132,261,59,237,face_with_mask
980,0993.jpg,0,0,0,0,blank
981,0992.jpg,525,714,118,382,face_with_mask
982,0991.jpg,0,0,0,0,blank
983,0990.jpg,439,614,115,345,face_with_mask
984,0990.jpg,706,825,9,210,face_no_mask
985,0990.jpg,444,508,181,255,face_with_mask
986,0989.jpg,358,453,53,190,face_with_mask
987,0988.jpg,0,0,0,0,blank
988,0987.jpg,412,535,146,333,face_with_mask
989,0986.jpg,0,0,0,0,blank
990,0985.jpeg,386,448,113,190,face_with_mask
991,0984.jpg,0,0,0,0,blank
992,0983.jpg,0,0,0,0,blank
993,0982.jpg,0,0,0,0,blank
994,0981.jpeg,49,155,54,198,face_with_mask
995,0981.jpeg,348,432,131,253,face_with_mask
996,0981.jpeg,500,577,152,268,face_with_mask
997,0980.jpeg,334,651,190,567,face_with_mask
998,0979.jpg,0,0,0,0,blank
999,0978.jpg,220,470,173,607,face_with_mask
1000,0978.jpg,761,1039,339,808,face_with_mask
1001,0977.jpg,319,528,182,493,face_with_mask
1002,0976.jpg,277,477,127,463,face_with_mask
1003,0975.jpg,41,344,216,662,face_no_mask
1004,0975.jpg,523,836,76,481,face_with_mask
1005,0974.jpg,0,0,0,0,blank
1006,0973.jpg,0,0,0,0,blank
1007,0972.jpg,474,841,207,691,face_with_mask
1008,0971.jpg,0,0,0,0,blank
1009,0970.jpg,614,698,128,255,face_with_mask
1010,0969.jpg,124,339,189,456,face_with_mask
1011,0969.jpg,486,664,324,521,face_with_mask
1012,0968.jpg,0,0,0,0,blank
1013,0967.jpg,0,0,0,0,blank
1014,0966.jpeg,0,0,0,0,blank
1015,0965.jpeg,0,0,0,0,blank
1016,0964.jpg,0,0,0,0,blank
1017,0963.png,251,343,58,177,face_with_mask
1018,0963.png,470,555,46,143,face_with_mask
1019,0962.jpg,0,0,0,0,blank
1020,0961.jpg,312,350,109,185,face_no_mask
1021,0960.jpg,82,223,21,240,face_with_mask
1022,0959.jpg,458,592,111,271,face_with_mask
1023,0958.jpg,40,82,147,213,face_with_mask
1024,0958.jpg,189,244,153,197,face_with_mask
1025,0957.jpeg,240,285,167,228,face_with_mask
1026,0956.jpeg,580,643,225,298,face_with_mask
1027,0955.jpg,196,243,143,215,face_with_mask
1028,0955.jpg,290,348,142,223,face_with_mask
1029,0955.jpg,462,522,58,138,face_with_mask
1030,0954.jpg,273,699,154,739,face_with_mask
1031,0953.jpg,465,590,87,258,face_with_mask
1032,0952.jpg,16,285,126,451,face_no_mask
1033,0952.jpg,672,955,180,513,face_with_mask
1034,0952.jpg,323,600,425,733,face_with_mask
1035,0951.jpg,229,503,49,292,face_with_mask
1036,0950.jpg,483,682,201,429,face_with_mask
1037,0950.jpg,491,663,316,424,face_with_mask
1038,0949.jpg,330,425,79,195,face_with_mask
1039,0948.jpg,0,0,0,0,blank
1040,0947.jpg,0,0,0,0,blank
1041,0946.jpg,368,429,217,294,face_with_mask
1042,0946.jpg,260,315,58,132,face_with_mask
1043,0945.jpg,852,981,73,302,face_with_mask
1044,0945.jpg,104,331,386,712,face_with_mask
1045,0943.jpg,360,588,142,459,face_with_mask
1046,0942.jpg,0,0,0,0,blank
1047,0941.jpg,899,1053,1053,1269,face_with_mask
1048,0940.jpg,0,0,0,0,blank
1049,0939.jpeg,0,0,0,0,blank
1050,0938.jpeg,6,421,189,889,face_with_mask
1051,0937.jpg,0,0,0,0,blank
1052,0936.jpg,280,579,162,535,face_with_mask
1053,0935.jpg,289,380,73,182,face_no_mask
1054,0935.jpg,594,686,146,261,face_no_mask
1055,0934.png,307,995,0,722,face_with_mask
1056,0933.jpg,274,534,196,432,face_no_mask
1057,0932.jpg,216,344,52,242,face_with_mask
1058,0931.jpg,0,0,0,0,blank
1059,0930.jpg,345,804,326,1220,face_with_mask
1060,0929.jpg,0,0,0,0,blank
1061,0928.jpg,993,1135,51,254,face_with_mask
1062,0927.jpg,1283,1408,294,441,face_with_mask
1063,0927.jpg,886,1008,187,348,face_with_mask
1064,0926.jpg,0,0,0,0,blank
1065,0925.jpg,0,0,0,0,blank
1066,0924.jpg,478,559,142,259,face_with_mask
1067,0923.jpg,427,661,157,467,face_no_mask
1068,0922.jpg,443,669,90,409,face_with_mask
1069,0921.jpg,238,586,246,783,face_no_mask
1070,0920.jpg,540,676,163,341,face_with_mask
1071,0919.jpg,228,456,113,419,face_no_mask
1072,0918.jpg,308,405,146,287,face_with_mask
1073,0917.jpg,534,710,291,543,face_with_mask
1074,0916.jpg,0,0,0,0,blank
1075,0915.jpg,0,0,0,0,blank
1076,0914.jpg,253,530,201,551,face_no_mask
1077,0913.jpg,258,487,126,428,face_with_mask
1078,0912.jpg,0,0,0,0,blank
1079,0911.jpg,246,395,62,299,face_with_mask
1080,0910.jpg,0,0,0,0,blank
1081,0909.jpg,148,301,74,316,face_with_mask
1082,0908.jpg,0,0,0,0,blank
1083,0907.jpg,0,0,0,0,blank
1084,0906.jpg,131,203,51,142,face_with_mask
1085,0905.jpg,0,0,0,0,blank
1086,0904.jpg,0,0,0,0,blank
1087,0902.jpg,812,956,417,611,face_no_mask
1088,0902.jpg,557,713,202,393,face_with_mask
1089,0902.jpg,65,181,93,289,face_with_mask
1090,0902.jpg,412,548,321,503,face_with_mask
1091,0901.jpeg,277,449,106,302,face_with_mask
1092,0900.jpg,192,283,70,188,face_with_mask
1093,0900.jpg,411,505,102,214,face_with_mask
1094,0896.jpg,406,516,132,238,face_with_mask
1095,0895.jpg,153,333,137,375,face_no_mask
1096,0894.jpg,206,453,206,493,face_no_mask
1097,0893.jpg,141,228,120,238,face_with_mask
1098,0893.jpg,373,505,139,322,face_with_mask
1099,0893.jpg,591,676,103,200,face_with_mask
1100,0892.jpg,201,300,65,245,face_with_mask
1101,0891.jpg,366,573,151,445,face_with_mask
1102,0890.jpg,199,250,56,131,face_with_mask
1103,0889.jpg,398,584,231,479,face_no_mask
1104,0888.jpg,283,676,126,673,face_with_mask
1105,0887.jpg,0,0,0,0,blank
1106,0884.jpg,0,0,0,0,blank
1107,0883.jpg,0,0,0,0,blank
1108,0881.jpg,0,0,0,0,blank
1109,0880.jpg,0,0,0,0,blank
1110,0878.jpg,0,0,0,0,blank
1111,0876.jpg,547,627,315,397,face_with_mask
1112,0875.jpg,0,0,0,0,blank
1113,0874.jpg,0,0,0,0,blank
1114,0873.jpg,0,0,0,0,blank
1115,0872.jpg,411,496,21,125,face_with_mask
1116,0872.jpg,106,233,6,206,face_with_mask
1117,0871.jpg,446,516,261,369,face_with_mask
1118,0870.jpg,0,0,0,0,blank
1119,0869.jpg,0,0,0,0,blank
1120,0867.jpg,491,684,149,433,face_with_mask
1121,0867.jpg,303,489,466,746,face_with_mask
1122,0866.jpg,0,0,0,0,blank
1123,0865.jpg,327,424,59,214,face_no_mask
1124,0864.jpg,349,562,189,533,face_with_mask
1125,0863.jpg,0,0,0,0,blank
1126,0862.jpg,174,669,141,837,face_with_mask
1127,0861.jpg,0,0,0,0,blank
1128,0860.jpg,0,0,0,0,blank
1129,0858.jpg,0,0,0,0,blank
1130,0857.jpg,0,0,0,0,blank
1131,0855.jpg,231,329,771,859,face_with_mask
1132,0853.jpg,0,0,0,0,blank
1133,0852.jpg,0,0,0,0,blank
1134,0851.jpg,370,427,461,542,face_with_mask
1135,0850.jpg,0,0,0,0,blank
1136,0849.jpg,0,0,0,0,blank
1137,0848.jpg,0,0,0,0,blank
1138,0847.jpg,419,520,166,321,face_with_mask
1139,0846.jpg,248,412,306,521,face_with_mask
1140,0845.jpg,0,0,0,0,blank
1141,0844.jpg,0,0,0,0,blank
1142,0843.jpg,264,413,145,332,face_with_mask
1143,0843.jpg,445,513,467,550,face_with_mask
1144,0842.jpg,317,571,222,526,face_with_mask
1145,0842.jpg,653,806,210,415,face_with_mask
1146,0841.jpg,0,0,0,0,blank
1147,0839.jpg,148,442,58,464,face_with_mask
1148,0839.jpg,535,846,186,612,face_with_mask
1149,0838.jpg,524,735,145,448,face_with_mask
1150,0837.jpg,0,0,0,0,blank
1151,0836.jpg,0,0,0,0,blank
1152,0835.jpg,0,0,0,0,blank
1153,0834.jpg,217,474,243,572,face_no_mask
1154,0833.jpg,0,0,0,0,blank
1155,0832.jpg,905,974,635,737,face_with_mask
1156,0831.jpg,127,641,200,898,face_with_mask
1157,0830.jpg,0,0,0,0,blank
1158,0829.jpg,0,0,0,0,blank
1159,0828.jpg,667,727,120,190,face_with_mask
1160,0827.jpg,805,858,108,182,face_with_mask
1161,0826.jpg,0,0,0,0,blank
1162,0825.jpg,259,334,213,322,face_with_mask
1163,0824.jpg,327,453,74,249,face_with_mask
1164,0824.jpg,619,851,197,499,face_with_mask
1165,0823.jpg,0,0,0,0,blank
1166,0822.jpg,0,0,0,0,blank
1167,0821.jpg,870,923,368,437,face_with_mask
1168,0820.jpg,349,550,226,580,face_with_mask
1169,0817.jpg,0,0,0,0,blank
1170,0815.jpg,0,0,0,0,blank
1171,0814.jpg,0,0,0,0,blank
1172,0813.jpg,0,0,0,0,blank
1173,0812.jpg,0,0,0,0,blank
1174,0811.jpg,0,0,0,0,blank
1175,0810.jpg,0,0,0,0,blank
1176,0809.jpg,0,0,0,0,blank
1177,0808.jpg,0,0,0,0,blank
1178,0807.jpg,0,0,0,0,blank
1179,0806.jpg,94,699,0,912,face_with_mask
1180,0805.jpg,0,0,0,0,blank
1181,0804.jpg,253,322,57,153,face_with_mask
1182,0803.jpg,0,0,0,0,blank
1183,0802.jpg,190,535,261,761,face_with_mask
1184,0801.jpg,0,0,0,0,blank
1185,0800.jpg,748,815,378,487,face_with_mask
1186,0799.jpg,0,0,0,0,blank
1187,0797.jpg,269,511,109,419,face_with_mask
1188,0796.jpg,0,0,0,0,blank
1189,0795.jpg,440,551,78,246,face_with_mask
1190,0794.jpg,0,0,0,0,blank
1191,0793.jpg,0,0,0,0,blank
1192,0792.jpg,157,478,308,816,face_with_mask
1193,0791.jpg,532,784,29,414,face_with_mask
1194,0790.jpg,0,0,0,0,blank
1195,0789.jpg,0,0,0,0,blank
1196,0788.jpg,0,0,0,0,blank
1197,0787.jpg,0,0,0,0,blank
1198,0786.jpg,107,653,137,840,face_with_mask
1199,0785.jpg,616,722,174,316,face_with_mask
1200,0784.jpg,0,0,0,0,blank
1201,0783.jpg,0,0,0,0,blank
1202,0782.jpg,171,515,155,601,face_with_mask
1203,0781.jpg,101,265,320,565,face_no_mask
1204,0780.jpg,209,545,142,646,face_with_mask
1205,0779.jpg,207,602,185,637,face_with_mask
1206,0778.jpg,0,0,0,0,blank
1207,0777.jpg,0,0,0,0,blank
1208,0776.jpg,0,0,0,0,blank
1209,0775.jpg,114,275,164,315,face_with_mask
1210,0774.jpg,0,0,0,0,blank
1211,0773.jpg,325,593,170,580,face_with_mask
1212,0772.jpg,0,0,0,0,blank
1213,0771.jpg,458,593,123,344,face_with_mask
1214,0770.jpg,271,582,228,848,face_with_mask
1215,0769.jpg,199,354,215,400,face_with_mask
1216,0767.jpg,442,547,218,285,face_no_mask
1217,0766.jpg,0,0,0,0,blank
1218,0765.jpg,403,544,279,435,face_with_mask
1219,0764.jpg,0,0,0,0,blank
1220,0763.jpg,121,296,90,282,face_no_mask
1221,0763.jpg,50,691,111,908,face_with_mask
1222,0762.jpg,0,0,0,0,blank
1223,0761.jpg,259,455,155,465,face_with_mask
1224,0760.jpg,496,633,247,448,face_with_mask
1225,0759.jpg,162,574,283,889,face_no_mask
1226,0758.jpg,0,0,0,0,blank
1227,0757.jpg,670,762,669,776,face_with_mask
1228,0756.jpg,0,0,0,0,blank
1229,0755.jpg,0,0,0,0,blank
1230,0754.jpg,0,0,0,0,blank
1231,0753.jpg,0,0,0,0,blank
1232,0752.jpg,249,338,44,165,face_with_mask
1233,0751.jpg,0,0,0,0,blank
1234,0750.jpg,449,705,89,443,face_with_mask
1235,0749.jpg,274,377,267,415,face_with_mask
1236,0748.jpg,0,0,0,0,blank
1237,0746.jpg,332,568,389,732,face_with_mask
1238,0746.jpg,117,198,242,380,face_with_mask
1239,0745.jpg,359,486,100,253,face_with_mask
1240,0744.jpg,0,0,0,0,blank
1241,0743.jpg,299,559,331,678,face_with_mask
1242,0742.jpg,100,885,68,601,face_with_mask
1243,0741.jpg,0,0,0,0,blank
1244,0740.jpg,329,581,116,469,face_with_mask
1245,0739.jpg,0,0,0,0,blank
1246,0738.jpg,0,0,0,0,blank
1247,0737.jpg,0,0,0,0,blank
1248,0736.jpg,0,0,0,0,blank
1249,0735.jpg,826,891,321,436,face_with_mask
1250,0734.jpg,344,418,198,299,face_with_mask
1251,0733.jpg,189,639,275,839,face_with_mask
1252,0732.jpg,471,533,136,205,face_with_mask
1253,0731.jpg,0,0,0,0,blank
1254,0730.jpg,0,0,0,0,blank
1255,0729.jpg,732,810,84,163,face_with_mask
1256,0728.jpg,0,0,0,0,blank
1257,0727.jpg,175,472,213,656,face_with_mask
1258,0726.jpg,266,522,353,696,face_with_mask
1259,0725.jpg,373,634,266,638,face_with_mask
1260,0724.jpg,687,852,91,324,face_with_mask
1261,0724.jpg,478,586,702,786,face_with_mask
1262,0723.jpg,0,0,0,0,blank
1263,0722.jpg,397,491,55,166,face_with_mask
1264,0721.jpg,236,344,153,325,face_no_mask
1265,0721.jpg,553,785,124,495,face_with_mask
1266,0720.jpg,0,0,0,0,blank
1267,0719.jpg,435,551,142,304,face_with_mask
1268,0718.jpg,269,370,52,189,face_with_mask
1269,0718.jpg,498,605,593,858,face_with_mask
1270,0717.jpg,0,0,0,0,blank
1271,0716.jpg,0,0,0,0,blank
1272,0715.jpg,187,597,192,839,face_with_mask
1273,0714.jpg,289,504,213,603,face_with_mask
1274,0713.jpg,0,0,0,0,blank
1275,0712.jpg,424,575,161,365,face_with_mask
1276,0711.jpg,464,707,160,498,face_with_mask
1277,0710.jpg,0,0,0,0,blank
1278,0709.jpg,0,0,0,0,blank
1279,0708.jpg,537,609,291,398,face_with_mask
1280,0707.jpg,0,0,0,0,blank
1281,0706.jpg,112,419,365,781,face_with_mask
1282,0705.jpg,0,0,0,0,blank
1283,0704.jpg,0,0,0,0,blank
1284,0703.jpg,0,0,0,0,blank
1285,0702.jpg,0,0,0,0,blank
1286,0701.jpg,0,0,0,0,blank
1287,0700.jpg,0,0,0,0,blank
1288,0699.jpg,0,0,0,0,blank
1289,0698.jpg,295,507,126,443,face_with_mask
1290,0697.jpg,0,0,0,0,blank
1291,0696.jpg,178,342,139,434,face_no_mask
1292,0695.jpg,785,922,340,534,face_with_mask
1293,0694.jpg,0,0,0,0,blank
1294,0693.jpg,420,602,164,460,face_with_mask
1295,0692.jpg,346,476,89,263,face_no_mask
1296,0691.jpg,542,633,360,445,face_with_mask
1297,0690.jpg,267,566,431,908,face_with_mask
1298,0689.jpg,0,0,0,0,blank
1299,0688.jpg,271,373,68,255,face_with_mask
1300,0687.jpg,0,0,0,0,blank
1301,0686.jpg,367,407,104,151,face_with_mask
1302,0685.jpg,211,247,122,178,face_with_mask
1303,0684.jpg,0,0,0,0,blank
1304,0683.jpg,200,237,137,183,face_with_mask
1305,0682.jpg,101,204,73,206,face_with_mask
1306,0682.jpg,318,394,45,162,face_with_mask
1307,0681.jpg,432,527,74,190,face_with_mask
1308,0680.jpg,697,865,188,423,face_with_mask
1309,0679.jpg,0,0,0,0,blank
1310,0678.jpg,409,584,242,505,face_with_mask
1311,0677.jpg,0,0,0,0,blank
1312,0676.jpg,433,586,197,444,face_with_mask
1313,0675.jpg,397,580,178,417,face_with_mask
1314,0675.jpg,732,863,249,439,face_with_mask
1315,0675.jpg,146,275,203,378,face_with_mask
1316,0674.jpg,372,590,102,428,face_with_mask
1317,0673.jpg,0,0,0,0,blank
1318,0672.jpg,597,736,113,333,face_with_mask
1319,0671.jpg,190,488,1,455,face_with_mask
1320,0670.jpg,0,0,0,0,blank
1321,0669.jpg,340,578,195,567,face_with_mask
1322,0668.jpg,0,0,0,0,blank
1323,0667.jpg,0,0,0,0,blank
1324,0666.jpg,139,398,141,459,face_with_mask
1325,0666.jpg,641,859,147,496,face_with_mask
1326,0665.jpg,719,777,220,297,face_with_mask
1327,0664.jpg,0,0,0,0,blank
1328,0663.jpg,0,0,0,0,blank
1329,0662.jpg,0,0,0,0,blank
1330,0661.jpg,229,470,480,799,face_with_mask
1331,0660.jpg,0,0,0,0,blank
1332,0659.jpg,0,0,0,0,blank
1333,0658.jpg,0,0,0,0,blank
1334,0657.jpg,271,563,201,620,face_with_mask
1335,0656.jpg,0,0,0,0,blank
1336,0655.jpg,441,607,136,382,face_with_mask
1337,0654.jpg,0,0,0,0,blank
1338,0653.jpg,0,0,0,0,blank
1339,0652.jpg,241,330,138,275,face_with_mask
1340,0651.jpg,0,0,0,0,blank
1341,0650.jpg,23,427,353,969,face_with_mask
1342,0649.jpg,0,0,0,0,blank
1343,0648.jpg,0,0,0,0,blank
1344,0647.jpg,0,0,0,0,blank
1345,0646.jpg,300,534,151,537,face_with_mask
1346,0646.jpg,236,311,294,392,face_no_mask
1347,0645.jpg,752,847,311,393,face_with_mask
1348,0644.jpg,354,603,163,436,face_with_mask
1349,0643.jpg,166,643,291,923,face_with_mask
1350,0643.jpg,176,360,500,669,face_with_mask
1351,0642.jpg,244,327,359,520,face_with_mask
1352,0641.jpg,0,0,0,0,blank
1353,0640.jpg,359,446,141,239,face_with_mask
1354,0639.jpg,157,637,1,491,face_with_mask
1355,0638.jpg,386,612,182,481,face_with_mask
1356,0636.jpg,292,440,208,358,face_with_mask
1357,0635.jpg,394,529,142,293,face_with_mask
1358,0634.jpg,199,671,169,824,face_no_mask
1359,0633.jpg,661,741,327,444,face_no_mask
1360,0632.jpg,0,0,0,0,blank
1361,0631.jpg,0,0,0,0,blank
1362,0630.jpg,71,214,48,325,face_with_mask
1363,0629.jpg,0,0,0,0,blank
1364,0628.jpg,293,416,24,163,face_no_mask
1365,0627.jpg,332,540,622,933,face_with_mask
1366,0626.jpg,402,644,194,524,face_with_mask
1367,0625.jpg,0,0,0,0,blank
1368,0624.jpg,0,0,0,0,blank
1369,0623.jpg,660,729,230,313,face_with_mask
1370,0623.jpg,231,317,282,383,face_with_mask
1371,0623.jpg,747,849,307,424,face_with_mask
1372,0623.jpg,146,215,261,350,face_with_mask
1373,0623.jpg,291,346,189,264,face_with_mask
1374,0623.jpg,151,214,138,235,face_with_mask
1375,0623.jpg,540,628,273,349,face_with_mask
1376,0622.jpg,0,0,0,0,blank
1377,0621.jpg,0,0,0,0,blank
1378,0620.jpg,0,0,0,0,blank
1379,0619.jpg,0,0,0,0,blank
1380,0618.jpg,329,608,121,476,face_no_mask
1381,0617.jpg,0,0,0,0,blank
1382,0616.jpg,0,0,0,0,blank
1383,0615.jpg,0,0,0,0,blank
1384,0614.jpg,229,534,351,669,face_with_mask
1385,0613.jpg,0,0,0,0,blank
1386,0612.jpg,535,646,266,421,face_with_mask
1387,0611.jpg,446,564,18,210,face_with_mask
1388,0610.jpg,0,0,0,0,blank
1389,0609.jpg,280,336,154,223,face_with_mask
1390,0608.jpg,0,0,0,0,blank
1391,0607.jpg,296,470,206,420,face_with_mask
1392,0606.jpg,0,0,0,0,blank
1393,0605.jpg,526,641,3,87,face_with_mask
1394,0604.jpg,0,0,0,0,blank
1395,0603.jpg,553,710,466,659,face_with_mask
1396,0602.jpg,0,0,0,0,blank
1397,0601.jpg,547,610,452,542,face_with_mask
1398,0599.jpg,174,338,100,328,face_with_mask
1399,0598.jpg,167,583,267,806,face_no_mask
1400,0597.jpg,585,877,112,477,face_no_mask
1401,0596.jpg,61,215,184,394,face_no_mask
1402,0595.jpg,294,508,143,390,face_with_mask
1403,0594.jpg,275,354,121,230,face_with_mask
1404,0593.jpeg,342,406,28,114,face_with_mask
1405,0593.jpeg,38,86,236,280,face_with_mask
1406,0592.jpg,572,883,81,446,face_with_mask
1407,0591.jpg,0,0,0,0,blank
1408,0590.jpg,0,0,0,0,blank
1409,0589.jpg,540,882,238,633,face_no_mask
1410,0588.jpg,397,591,179,404,face_with_mask
1411,0587.jpg,530,634,44,189,face_no_mask
1412,0586.jpg,209,306,139,268,face_with_mask
1413,0585.jpg,388,554,180,395,face_with_mask
1414,0584.jpg,595,919,46,383,face_with_mask
1415,0583.jpg,1311,1963,446,1390,face_with_mask
1416,0582.jpg,89,378,125,572,face_with_mask
1417,0581.jpg,0,0,0,0,blank
1418,0580.jpg,388,434,95,168,face_with_mask
1419,0579.jpg,0,0,0,0,blank
1420,0578.jpg,250,523,182,532,face_no_mask
1421,0577.jpg,142,404,141,482,face_with_mask
1422,0576.jpg,431,707,81,354,face_no_mask
1423,0575.jpg,298,384,123,228,face_with_mask
1424,0574.jpg,0,0,0,0,blank
1425,0573.jpg,635,762,318,472,face_no_mask
1426,0573.jpg,162,289,273,425,face_with_mask
1427,0572.jpg,171,551,347,917,face_no_mask
1428,0571.jpg,402,605,195,496,face_with_mask
1429,0570.png,200,575,117,586,face_with_mask
1430,0569.jpg,14,374,90,590,face_with_mask
1431,0568.jpg,303,689,131,681,face_with_mask
1432,0567.jpg,179,343,64,317,face_with_mask
1433,0566.jpg,0,0,0,0,blank
1434,0565.jpg,218,360,69,274,face_with_mask
1435,0564.jpg,34,113,62,182,face_with_mask
1436,0564.jpg,364,444,62,178,face_with_mask
1437,0564.jpg,180,258,85,208,face_with_mask
1438,0564.jpg,583,670,72,190,face_with_mask
1439,0563.jpg,418,500,277,415,face_with_mask
1440,0562.jpg,216,294,135,253,face_no_mask
1441,0561.jpg,212,506,71,471,face_with_mask
1442,0559.jpg,341,827,226,967,face_with_mask
1443,0558.jpg,217,429,195,541,face_with_mask
1444,0557.png,0,0,0,0,blank
1445,0556.jpg,427,703,167,511,face_with_mask
1446,0555.jpg,530,771,76,386,face_with_mask
1447,0554.jpg,0,0,0,0,blank
1448,0553.jpg,273,607,0,377,face_with_mask
1449,0552.jpg,519,702,98,358,face_no_mask
1450,0551.jpg,404,588,235,521,face_no_mask
1451,0550.jpg,531,825,176,587,face_no_mask
1452,0550.jpg,441,548,284,437,face_with_mask
1453,0549.jpg,211,532,286,691,face_no_mask
1454,0548.jpg,440,528,228,352,face_with_mask
1455,0547.jpg,328,758,164,828,face_with_mask
1456,0546.jpg,106,144,37,93,face_with_mask
1457,0545.jpg,115,223,139,359,face_with_mask
1458,0544.jpg,134,413,39,359,face_with_mask
1459,0543.jpg,0,0,0,0,blank
1460,0542.jpg,411,611,96,372,face_with_mask
1461,0541.jpg,197,379,150,377,face_with_mask
1462,0540.jpg,561,618,146,206,face_with_mask
1463,0540.jpg,331,397,66,162,face_with_mask
1464,0540.jpg,479,548,121,200,face_with_mask
1465,0539.jpg,0,0,0,0,blank
1466,0538.jpg,464,575,202,325,face_with_mask
1467,0538.jpg,137,328,97,385,face_with_mask
1468,0537.jpg,439,574,96,267,face_with_mask
1469,0536.jpg,178,415,110,403,face_with_mask
1470,0535.jpg,0,0,0,0,blank
1471,0534.jpeg,304,543,111,407,face_with_mask
1472,0533.jpg,80,172,118,230,face_with_mask
1473,0533.jpg,302,364,170,263,face_with_mask
1474,0533.jpg,435,504,160,258,face_with_mask
1475,0532.jpg,591,1971,590,2546,face_no_mask
1476,0532.jpg,1940,3311,835,2484,face_with_mask
1477,0531.jpg,366,663,149,567,face_no_mask
1478,0530.jpg,451,530,71,163,face_no_mask
1479,0529.jpg,326,552,187,508,face_no_mask
1480,0528.png,103,303,31,324,face_with_mask
1481,0527.jpg,211,388,76,306,face_with_mask
1482,0526.jpg,281,904,409,1352,face_with_mask
1483,0525.jpg,0,0,0,0,blank
1484,0524.jpg,355,579,199,530,face_no_mask
1485,0523.jpg,0,0,0,0,blank
1486,0522.jpg,260,472,222,472,face_no_mask
1487,0521.jpg,503,661,203,411,face_with_mask
1488,0520.jpg,287,420,120,300,face_no_mask
1489,0519.jpg,393,617,49,361,face_no_mask
1490,0518.jpg,317,432,74,244,face_with_mask
1491,0518.jpg,539,704,67,261,face_with_mask
1492,0517.jpeg,324,444,180,344,face_no_mask
1493,0517.jpeg,450,551,239,362,face_with_mask
1494,0517.jpeg,85,194,218,351,face_no_mask
1495,0517.jpeg,580,729,59,279,face_with_mask
1496,0516.jpg,177,404,274,560,face_with_mask
1497,0516.jpg,824,1021,308,577,face_with_mask
1498,0516.jpg,424,630,338,569,face_with_mask
1499,0515.png,0,0,0,0,blank
1500,0514.png,252,387,108,278,face_with_mask
1501,0513.jpg,140,501,173,715,face_no_mask
1502,0511.jpg,165,393,169,459,face_no_mask
1503,0511.jpg,504,755,155,493,face_no_mask
1504,0511.jpg,604,670,236,326,face_with_mask
1505,0510.jpg,518,667,67,280,face_with_mask
1506,0509.png,49,366,118,558,face_with_mask
1507,0508.jpg,619,728,258,389,face_no_mask
1508,0507.jpg,407,715,197,583,face_no_mask
1509,0506.jpg,0,0,0,0,blank
1510,0505.jpg,189,312,102,261,face_with_mask
1511,0504.jpg,185,230,231,282,face_with_mask
1512,0503.png,0,0,0,0,blank
1513,0502.png,166,532,34,517,face_with_mask
1514,0501.png,0,0,0,0,blank
1515,0500.jpeg,716,790,95,191,face_no_mask
1516,0499.jpg,342,673,168,640,face_with_mask
1517,0498.jpg,463,757,163,546,face_with_mask
1518,0497.jpg,463,592,41,253,face_with_mask
1519,0497.jpg,351,403,163,222,face_with_mask
1520,0496.jpg,169,333,157,365,face_no_mask
1521,0495.jpg,456,643,191,408,face_no_mask
1522,0494.jpg,362,703,193,639,face_no_mask
1523,0493.jpg,413,1300,352,1631,face_with_mask
1524,0492.jpg,459,514,39,125,face_with_mask
1525,0492.jpg,135,204,85,188,face_with_mask
1526,0491.jpg,220,274,81,132,face_with_mask
1527,0491.jpg,345,393,78,142,face_with_mask
1528,0490.jpg,503,767,142,459,face_no_mask
1529,0489.jpg,469,625,225,458,face_no_mask
1530,0488.jpg,146,572,146,824,face_with_mask
1531,0487.jpg,62,159,62,193,face_with_mask
1532,0486.jpg,244,584,234,636,face_with_mask
1533,0485.jpg,218,589,143,656,face_no_mask
1534,0484.jpg,0,0,0,0,blank
1535,0483.jpg,215,403,163,402,face_with_mask
1536,0482.jpg,160,458,231,620,face_with_mask
1537,0481.jpg,481,714,64,403,face_no_mask
1538,0480.jpg,291,354,100,179,face_with_mask
1539,0479.jpg,510,946,121,635,face_no_mask
1540,0479.jpg,250,467,371,703,face_no_mask
1541,0478.jpg,186,571,205,697,face_no_mask
1542,0477.jpg,96,505,213,746,face_no_mask
1543,0476.jpg,198,383,103,315,face_with_mask
1544,0475.jpg,222,352,215,376,face_with_mask
1545,0475.jpg,563,710,33,225,face_with_mask
1546,0474.png,0,0,0,0,blank
1547,0473.png,241,393,22,238,face_with_mask
1548,0472.jpg,369,512,126,308,face_with_mask
1549,0472.jpg,648,794,85,284,face_no_mask
1550,0471.jpg,806,863,48,123,face_with_mask
1551,0470.jpg,228,583,220,677,face_with_mask
1552,0469.jpg,426,910,280,868,face_with_mask
1553,0466.jpg,33,178,198,450,face_with_mask
1554,0465.jpg,307,468,88,277,face_with_mask
1555,0464.jpg,1445,1657,404,692,face_with_mask
1556,0464.jpg,207,437,284,644,face_with_mask
1557,0463.jpg,142,190,79,128,face_with_mask
1558,0462.jpg,159,278,229,391,face_with_mask
1559,0461.jpg,391,814,65,636,face_no_mask
1560,0460.jpg,213,246,117,169,face_with_mask
1561,0459.jpg,247,475,96,423,face_no_mask
1562,0458.jpg,415,745,82,542,face_with_mask
1563,0457.jpg,389,666,102,473,face_no_mask
1564,0456.jpg,213,590,138,678,face_no_mask
1565,0455.jpg,361,643,315,652,face_with_mask
1566,0454.jpg,257,434,434,699,face_no_mask
1567,0453.jpg,234,501,106,554,face_no_mask
1568,0452.jpg,416,530,188,344,face_with_mask
1569,0451.jpg,281,631,134,650,face_with_mask
1570,0450.jpg,0,0,0,0,blank
1571,0449.jpg,1412,1599,392,654,face_with_mask
1572,0448.jpg,94,282,163,374,face_with_mask
1573,0447.jpg,180,410,108,429,face_no_mask
1574,0446.jpg,308,472,108,336,face_no_mask
1575,0445.jpg,647,874,436,771,face_with_mask
1576,0444.jpg,0,0,0,0,blank
1577,0443.jpg,0,0,0,0,blank
1578,0442.jpg,272,513,149,471,face_with_mask
1579,0442.jpg,420,487,243,312,face_with_mask
1580,0441.jpg,216,270,97,170,face_with_mask
1581,0440.jpg,170,209,178,242,face_with_mask
1582,0439.jpg,0,0,0,0,blank
1583,0438.jpg,0,0,0,0,blank
1584,0437.jpg,0,0,0,0,blank
1585,0434.jpg,0,0,0,0,blank
1586,0433.jpg,0,0,0,0,blank
1587,0431.jpg,561,750,107,358,face_with_mask
1588,0430.jpg,0,0,0,0,blank
1589,0429.jpg,193,249,56,123,face_with_mask
1590,0428.jpg,326,423,128,239,face_with_mask
1591,0428.jpg,11,75,263,339,face_no_mask
1592,0428.jpg,47,108,131,211,face_no_mask
1593,0428.jpg,521,590,131,216,face_with_mask
1594,0428.jpg,640,708,105,193,face_with_mask
1595,0427.jpg,175,499,136,562,face_with_mask
1596,0426.jpg,0,0,0,0,blank
1597,0425.jpg,313,386,123,252,face_with_mask
1598,0425.jpg,448,536,90,213,face_with_mask
1599,0425.jpg,453,586,63,246,face_with_mask
1600,0424.jpg,449,504,123,191,face_with_mask
1601,0424.jpg,327,369,125,181,face_with_mask
1602,0424.jpg,275,326,144,216,face_with_mask
1603,0424.jpg,207,278,170,261,face_with_mask
1604,0423.jpg,234,356,77,361,face_with_mask
1605,0422.jpg,269,357,210,342,face_with_mask
1606,0421.jpg,294,481,113,350,face_with_mask
1607,0420.jpeg,935,1227,145,526,face_with_mask
1608,0419.jpg,0,0,0,0,blank
1609,0418.jpg,202,387,140,529,face_with_mask
1610,0418.jpg,317,380,236,289,face_with_mask
1611,0417.jpg,149,514,105,581,face_with_mask
1612,0416.jpg,627,685,129,213,face_no_mask
1613,0415.jpg,0,0,0,0,blank
1614,0414.jpg,0,0,0,0,blank
1615,0413.jpg,0,0,0,0,blank
1616,0412.jpg,466,543,152,260,face_with_mask
1617,0411.jpg,265,368,141,273,face_with_mask
1618,0411.jpg,489,573,125,236,face_with_mask
1619,0410.jpg,367,448,74,193,face_with_mask
1620,0410.jpg,155,206,160,216,face_with_mask
1621,0409.jpg,129,553,270,877,face_no_mask
1622,0407.jpg,203,285,35,148,face_with_mask
1623,0406.jpg,113,186,88,182,face_with_mask
1624,0404.jpg,401,456,155,229,face_with_mask
1625,0404.jpg,527,584,226,304,face_with_mask
1626,0404.jpg,607,674,116,211,face_with_mask
1627,0403.jpg,1145,1274,226,356,face_with_mask
1628,0403.jpg,341,449,299,424,face_with_mask
1629,0402.jpg,193,257,161,251,face_with_mask
1630,0402.jpg,701,764,133,220,face_with_mask
1631,0401.jpg,454,545,110,223,face_with_mask
1632,0400.jpg,592,675,94,188,face_with_mask
1633,0400.jpg,253,320,133,223,face_with_mask
1634,0398.jpg,0,0,0,0,blank
1635,0396.jpg,0,0,0,0,blank
1636,0395.jpg,604,744,130,285,face_with_mask
1637,0395.jpg,238,363,256,423,face_with_mask
1638,0394.jpg,280,355,185,274,face_with_mask
1639,0394.jpg,461,522,73,162,face_with_mask
1640,0394.jpg,32,113,135,259,face_with_mask
1641,0392.jpg,346,385,169,217,face_with_mask
1642,0391.jpg,408,609,63,353,face_no_mask
1643,0390.jpg,351,731,126,631,face_no_mask
1644,0389.jpg,97,287,96,330,face_no_mask
1645,0388.jpg,403,468,88,161,face_with_mask
1646,0387.png,163,477,74,505,face_with_mask
1647,0385.jpg,663,1198,145,950,face_with_mask
1648,0384.jpg,334,745,66,766,face_with_mask
1649,0383.jpg,709,812,122,240,face_with_mask
1650,0383.jpg,286,442,138,308,face_with_mask
1651,0382.jpg,353,684,129,600,face_with_mask
1652,0381.jpg,482,676,96,418,face_no_mask
1653,0380.jpg,564,721,318,560,face_no_mask
1654,0380.jpg,216,341,432,602,face_no_mask
1655,0379.jpg,455,649,420,698,face_with_mask
1656,0379.jpg,699,881,415,673,face_with_mask
1657,0378.jpg,482,581,57,198,face_no_mask
1658,0378.jpg,283,370,47,186,face_with_mask
1659,0377.jpg,339,598,269,623,face_no_mask
1660,0376.png,213,554,110,562,face_with_mask
1661,0375.jpg,436,550,87,247,face_with_mask
1662,0374.jpg,120,560,173,888,face_no_mask
1663,0373.jpg,190,466,215,518,face_no_mask
1664,0372.jpg,180,520,155,605,face_with_mask
1665,0371.jpg,0,0,0,0,blank
1666,0370.jpg,0,0,0,0,blank
1667,0369.jpg,0,0,0,0,blank
1668,0368.jpg,37,75,121,168,face_no_mask
1669,0367.png,162,574,47,498,face_no_mask
1670,0366.jpg,1090,1456,343,756,face_with_mask
1671,0366.jpg,738,1046,206,637,face_with_mask
1672,0365.jpg,208,521,150,473,face_with_mask
1673,0364.jpg,0,0,0,0,blank
1674,0363.jpg,0,0,0,0,blank
1675,0362.jpg,0,0,0,0,blank
1676,0361.jpg,0,0,0,0,blank
1677,0360.jpg,0,0,0,0,blank
1678,0359.jpg,0,0,0,0,blank
1679,0357.jpg,662,801,37,215,face_with_mask
1680,0356.jpg,885,1136,119,452,face_with_mask
1681,0355.jpeg,815,1129,226,626,face_with_mask
1682,0354.jpg,685,768,63,139,face_with_mask
1683,0353.jpg,1378,1545,318,506,face_with_mask
1684,0353.jpg,879,1006,723,856,face_with_mask
1685,0353.jpg,112,319,764,1030,face_with_mask
1686,0352.jpg,0,0,0,0,blank
1687,0351.jpg,0,0,0,0,blank
1688,0350.jpg,0,0,0,0,blank
1689,0349.jpg,439,683,161,414,face_with_mask
1690,0347.jpg,542,696,180,393,face_with_mask
1691,0347.jpg,90,225,297,504,face_with_mask
1692,0347.jpg,286,412,96,279,face_with_mask
1693,0347.jpg,836,1140,0,377,face_with_mask
1694,0346.jpg,35,161,128,280,face_with_mask
1695,0346.jpg,305,437,149,318,face_with_mask
1696,0346.jpg,643,764,215,354,face_with_mask
1697,0345.jpg,0,0,0,0,blank
1698,0344.jpg,660,754,169,271,face_with_mask
1699,0344.jpg,980,1040,351,418,face_with_mask
1700,0343.jpg,490,733,151,492,face_with_mask
1701,0342.jpg,0,0,0,0,blank
1702,0341.jpg,0,0,0,0,blank
1703,0340.jpg,0,0,0,0,blank
1704,0339.jpg,0,0,0,0,blank
1705,0338.jpg,0,0,0,0,blank
1706,0337.jpg,628,910,190,624,face_with_mask
1707,0335.jpg,1023,1115,132,242,face_no_mask
1708,0335.jpg,583,672,193,337,face_with_mask
1709,0335.jpg,289,399,228,394,face_with_mask
1710,0335.jpg,166,250,145,257,face_no_mask
1711,0335.jpg,909,1015,226,404,face_with_mask
1712,0335.jpg,275,377,127,264,face_with_mask
1713,0334.jpg,399,512,183,336,face_with_mask
1714,0333.jpg,64,178,115,272,face_with_mask
1715,0333.jpg,375,482,124,284,face_with_mask
1716,0333.jpg,704,885,0,175,face_with_mask
1717,0332.jpg,729,980,3,295,face_with_mask
1718,0331.jpg,1198,2402,1337,2851,face_no_mask
1719,0330.jpg,186,362,130,373,face_no_mask
1720,0329.jpg,0,0,0,0,blank
1721,0328.jpg,329,490,90,297,face_with_mask
1722,0328.jpg,121,195,52,155,face_with_mask
1723,0327.jpg,610,1372,576,1722,face_no_mask
1724,0326.jpg,0,0,0,0,blank
1725,0325.jpg,505,684,171,389,face_with_mask
1726,0324.jpg,636,751,144,323,face_with_mask
1727,0323.jpg,123,461,102,624,face_with_mask
1728,0322.jpg,0,0,0,0,blank
1729,0321.jpg,208,339,84,244,face_with_mask
1730,0321.jpg,507,612,274,413,face_with_mask
1731,0320.jpg,518,722,180,463,face_with_mask
1732,0319.jpg,99,228,63,243,face_no_mask
1733,0318.jpg,0,0,0,0,blank
1734,0317.jpg,378,638,152,467,face_with_mask
1735,0316.jpg,396,470,164,246,face_with_mask
1736,0315.jpg,251,376,98,267,face_with_mask
1737,0314.jpg,0,0,0,0,blank
1738,0313.jpg,191,313,222,324,face_with_mask
1739,0313.jpg,182,252,232,303,face_with_mask
1740,0313.jpg,255,320,245,314,face_with_mask
1741,0312.jpg,458,526,187,265,face_with_mask
1742,0312.jpg,275,341,188,252,face_with_mask
1743,0311.jpeg,217,555,24,473,face_with_mask
1744,0311.jpeg,206,423,59,353,face_with_mask
1745,0310.jpg,275,313,61,110,face_with_mask
1746,0309.jpg,428,1022,349,1273,face_with_mask
1747,0308.jpg,0,0,0,0,blank
1748,0307.jpeg,293,730,212,830,face_no_mask
1749,0306.jpg,277,359,82,191,face_with_mask
1750,0305.jpeg,200,892,289,1224,face_no_mask
1751,0304.jpg,0,0,0,0,blank
1752,0303.jpg,242,317,132,232,face_with_mask
1753,0302.jpg,1637,1938,450,759,face_with_mask
1754,0301.jpg,136,595,236,890,face_with_mask
1755,0300.jpg,399,509,61,212,face_with_mask
1756,0299.jpg,96,370,133,516,face_no_mask
1757,0298.jpg,227,431,201,490,face_no_mask
1758,0297.jpg,0,0,0,0,blank
1759,0296.jpg,281,463,144,396,face_no_mask
1760,0295.jpg,568,650,165,273,face_with_mask
1761,0294.jpg,668,862,96,352,face_no_mask
1762,0293.jpg,576,746,83,310,face_no_mask
1763,0293.jpg,108,178,468,570,face_no_mask
1764,0291.jpg,273,530,161,475,face_with_mask
1765,0290.png,392,676,279,591,face_with_mask
1766,0290.png,77,356,0,299,face_with_mask
1767,0289.jpg,115,294,97,362,face_no_mask
1768,0289.jpg,1,35,225,293,face_with_mask
1769,0288.jpg,0,0,0,0,blank
1770,0287.jpg,1089,1682,142,905,face_with_mask
1771,0286.jpg,568,814,97,419,face_with_mask
1772,0285.jpg,284,520,88,440,face_no_mask
1773,0284.jpg,154,605,122,723,face_no_mask
1774,0283.jpg,706,760,95,172,face_with_mask
1775,0283.jpg,267,337,43,131,face_with_mask
1776,0282.jpg,485,608,52,208,face_with_mask
1777,0282.jpg,375,497,136,287,face_with_mask
1778,0281.jpg,537,699,140,312,face_with_mask
1779,0280.jpg,0,0,0,0,blank
1780,0279.jpg,484,556,149,191,face_with_mask
1781,0278.png,0,191,0,222,face_with_mask
1782,0277.jpg,329,729,45,631,face_with_mask
1783,0276.jpg,472,558,0,101,face_with_mask
1784,0276.jpg,329,470,74,279,face_with_mask
1785,0275.jpg,0,0,0,0,blank
1786,0274.jpg,0,0,0,0,blank
1787,0273.jpg,484,785,115,551,face_with_mask
1788,0272.jpg,321,449,275,441,face_with_mask
1789,0272.jpg,446,577,121,212,face_with_mask
1790,0271.jpeg,37,95,368,416,face_with_mask
1791,0270.jpg,67,106,122,180,face_with_mask
1792,0269.jpg,160,617,2,478,face_with_mask
1793,0268.jpg,0,0,0,0,blank
1794,0267.jpg,321,666,107,581,face_with_mask
1795,0266.jpg,523,568,341,391,face_with_mask
1796,0265.jpg,0,0,0,0,blank
1797,0264.jpg,0,0,0,0,blank
1798,0263.jpg,434,512,38,152,face_with_mask
1799,0263.jpg,130,212,157,280,face_with_mask
1800,0262.jpg,806,904,41,181,face_with_mask
1801,0262.jpg,288,372,68,164,face_with_mask
1802,0261.jpg,244,365,131,279,face_no_mask
1803,0260.jpg,327,590,129,427,face_with_mask
1804,0259.jpg,334,497,99,295,face_with_mask
1805,0258.jpg,1207,1464,151,465,face_with_mask
1806,0257.jpg,575,935,177,630,face_with_mask
1807,0256.jpg,203,607,180,716,face_no_mask
1808,0255.jpg,251,530,168,549,face_with_mask
1809,0254.jpg,0,0,0,0,blank
1810,0253.jpg,558,638,62,179,face_with_mask
1811,0252.jpg,458,560,63,186,face_no_mask
1812,0252.jpg,75,178,59,195,face_no_mask
1813,0251.jpg,0,0,0,0,blank
1814,0250.png,218,517,155,552,face_no_mask
1815,0249.jpg,121,420,98,601,face_with_mask
1816,0248.jpg,1313,2047,315,1340,face_with_mask
1817,0247.jpg,170,377,116,427,face_no_mask
1818,0246.jpg,144,400,53,357,face_with_mask
1819,0245.jpg,359,661,200,595,face_no_mask
1820,0244.jpg,271,752,148,704,face_no_mask
1821,0243.jpg,0,0,0,0,blank
1822,0242.jpg,0,0,0,0,blank
1823,0241.jpg,387,716,185,597,face_with_mask
1824,0240.jpg,127,208,70,172,face_with_mask
1825,0240.jpg,322,403,97,180,face_with_mask
1826,0240.jpg,140,200,123,169,face_with_mask
1827,0239.jpg,493,693,178,435,face_no_mask
1828,0238.jpg,0,0,0,0,blank
1829,0237.jpg,595,746,185,404,face_with_mask
1830,0236.jpg,0,0,0,0,blank
1831,0235.png,404,486,90,243,face_with_mask
1832,0234.jpg,494,639,139,316,face_with_mask
1833,0233.jpg,437,786,824,1259,face_with_mask
1834,0233.jpg,1141,1387,99,446,face_with_mask
1835,0233.jpg,829,1042,71,338,face_no_mask
1836,0233.jpg,252,499,296,659,face_with_mask
1837,0232.jpg,595,711,118,279,face_with_mask
1838,0231.jpg,214,495,62,361,face_with_mask
1839,0231.jpg,478,526,203,267,face_with_mask
1840,0230.jpg,239,327,75,196,face_with_mask
1841,0229.jpg,186,450,300,627,face_no_mask
1842,0228.jpg,236,481,393,724,face_with_mask
1843,0227.jpg,155,652,277,919,face_with_mask
1844,0225.jpg,240,493,77,384,face_no_mask
1845,0224.jpg,341,670,155,586,face_no_mask
1846,0223.jpg,125,294,59,322,face_with_mask
1847,0222.jpg,0,0,0,0,blank
1848,0221.jpg,184,273,87,207,face_with_mask
1849,0220.jpg,134,484,276,824,face_no_mask
1850,0219.jpg,155,366,86,365,face_with_mask
1851,0218.jpg,541,672,174,334,face_with_mask
1852,0217.jpg,187,235,20,106,face_with_mask
1853,0216.jpg,301,454,88,292,face_with_mask
1854,0215.jpg,545,614,128,219,face_no_mask
1855,0215.jpg,51,128,257,332,face_with_mask
1856,0214.jpg,442,501,146,220,face_with_mask
1857,0214.jpg,159,213,120,176,face_with_mask
1858,0213.jpg,0,0,0,0,blank
1859,0212.jpg,304,470,61,287,face_with_mask
1860,0211.jpg,155,668,156,868,face_with_mask
1861,0210.jpg,470,514,112,198,face_with_mask
1862,0209.jpg,0,0,0,0,blank
1863,0208.jpg,0,0,0,0,blank
1864,0206.jpg,599,690,0,96,face_no_mask
1865,0206.jpg,408,523,177,325,face_with_mask
1866,0205.jpg,211,307,131,266,face_with_mask
1867,0204.jpg,220,264,194,250,face_with_mask
1868,0203.jpg,556,788,0,279,face_with_mask
1869,0202.jpg,0,0,0,0,blank
1870,0201.jpg,499,765,189,617,face_with_mask
1871,0200.jpg,362,850,221,873,face_with_mask
1872,0199.jpg,527,711,122,325,face_with_mask
1873,0198.jpg,0,0,0,0,blank
1874,0197.png,220,463,141,478,face_with_mask
1875,0196.jpg,370,487,70,226,face_with_mask
1876,0196.jpg,274,365,69,211,face_with_mask
1877,0195.jpg,444,560,266,429,face_with_mask
1878,0195.jpg,76,194,298,442,face_with_mask
1879,0194.jpg,644,748,75,229,face_with_mask
1880,0193.jpg,357,593,211,449,face_with_mask
1881,0192.jpg,242,503,143,469,face_no_mask
1882,0191.jpg,438,491,235,300,face_with_mask
1883,0191.jpg,85,136,205,264,face_with_mask
1884,0191.jpg,180,245,185,253,face_with_mask
1885,0190.jpg,283,429,87,302,face_with_mask
1886,0189.jpg,318,401,130,245,face_no_mask
1887,0189.jpg,185,270,100,216,face_with_mask
1888,0189.jpg,440,521,152,262,face_no_mask
1889,0188.jpg,286,616,132,528,face_with_mask
1890,0187.jpg,315,430,46,202,face_no_mask
1891,0187.jpg,518,626,152,296,face_with_mask
1892,0186.jpg,385,703,175,563,face_no_mask
1893,0185.jpg,0,0,0,0,blank
1894,0184.jpg,0,0,0,0,blank
1895,0183.jpg,0,0,0,0,blank
1896,0182.jpg,0,0,0,0,blank
1897,0181.jpg,581,816,87,390,face_with_mask
1898,0180.jpg,1133,1231,157,299,face_with_mask
1899,0179.jpg,307,440,114,351,face_no_mask
1900,0178.jpg,426,488,170,258,face_no_mask
1901,0178.jpg,687,744,278,362,face_with_mask
1902,0177.jpg,43,124,207,323,face_no_mask
1903,0177.jpg,432,534,147,302,face_no_mask
1904,0177.jpg,827,948,7,157,face_no_mask
1905,0176.jpg,172,347,45,245,face_with_mask
1906,0175.jpg,547,795,150,515,face_with_mask
1907,0174.jpg,859,953,91,220,face_with_mask
1908,0174.jpg,560,645,238,321,face_with_mask
1909,0174.jpg,555,633,198,296,face_with_mask
1910,0174.jpg,374,465,24,160,face_with_mask
1911,0173.jpg,158,400,178,496,face_with_mask
1912,0172.jpg,307,515,117,406,face_with_mask
1913,0171.jpg,292,495,74,338,face_with_mask
1914,0170.jpg,459,761,191,654,face_with_mask
1915,0170.jpg,1115,1200,105,243,face_no_mask
1916,0169.png,356,690,209,588,face_with_mask
1917,0169.png,29,346,118,570,face_with_mask
1918,0168.png,220,498,107,493,face_with_mask
1919,0167.png,0,0,0,0,blank
1920,0166.jpg,89,528,109,785,face_with_mask
1921,0165.jpg,225,358,142,340,face_with_mask
1922,0164.jpg,106,240,166,363,face_with_mask
1923,0163.jpg,0,0,0,0,blank
1924,0162.jpeg,0,0,0,0,blank
1925,0161.jpg,588,864,158,593,face_with_mask
1926,0160.jpg,321,542,29,291,face_with_mask
1927,0159.jpg,1523,1941,598,1190,face_with_mask
1928,0158.jpg,183,458,156,469,face_with_mask
1929,0156.jpeg,192,437,175,395,face_with_mask
1930,0156.jpeg,1106,1372,152,404,face_with_mask
1931,0155.jpeg,1040,1478,506,1067,face_with_mask
1932,0154.jpg,0,0,0,0,blank
1933,0153.jpg,130,306,128,334,face_with_mask
1934,0152.jpg,0,0,0,0,blank
1935,0151.jpg,265,354,270,354,face_with_mask
1936,0150.jpg,436,692,127,466,face_with_mask
1937,0149.jpg,149,225,93,184,face_with_mask
1938,0148.jpg,127,474,168,651,face_no_mask
1939,0147.jpg,250,515,311,685,face_with_mask
1940,0146.jpg,204,463,282,629,face_with_mask
1941,0145.jpg,216,509,207,641,face_with_mask
1942,0144.jpg,228,426,115,400,face_no_mask
1943,0143.jpg,240,520,309,668,face_with_mask
1944,0142.jpg,140,462,330,696,face_no_mask
1945,0141.jpg,181,543,223,725,face_with_mask
1946,0140.jpg,176,500,327,737,face_no_mask
1947,0139.jpg,309,546,173,470,face_no_mask
1948,0138.jpg,164,508,237,663,face_no_mask
1949,0137.jpg,89,440,225,676,face_no_mask
1950,0136.jpg,166,532,231,703,face_no_mask
1951,0135.jpg,188,510,329,741,face_no_mask
1952,0134.jpg,290,567,313,717,face_with_mask
1953,0133.jpg,0,0,0,0,blank
1954,0132.jpg,733,805,196,282,face_no_mask
1955,0131.jpg,0,0,0,0,blank
1956,0130.png,0,0,0,0,blank
1957,0129.png,196,481,161,475,face_with_mask
1958,0128.png,206,590,13,490,face_with_mask
1959,0127.jpg,358,534,96,362,face_with_mask
1960,0126.jpg,249,728,229,843,face_with_mask
1961,0125.jpeg,476,803,164,670,face_with_mask
1962,0124.jpeg,296,401,90,217,face_with_mask
1963,0124.jpeg,648,737,62,173,face_with_mask
1964,0123.jpg,0,0,0,0,blank
1965,0122.jpeg,860,916,274,348,face_with_mask
1966,0121.png,497,565,114,160,face_with_mask
1967,0120.png,0,0,0,0,blank
1968,0119.jpg,181,272,164,285,face_with_mask
1969,0119.jpg,755,832,151,263,face_with_mask
1970,0119.jpg,446,557,72,220,face_with_mask
1971,0117.jpg,0,0,0,0,blank
1972,0116.png,0,0,0,0,blank
1973,0115.jpg,0,0,0,0,blank
1974,0114.png,180,323,278,472,face_with_mask
1975,0113.jpg,358,507,102,257,face_with_mask
1976,0113.jpg,490,763,1,395,face_with_mask
1977,0112.png,460,624,152,336,face_with_mask
1978,0111.png,252,302,54,121,face_with_mask
1979,0111.png,664,710,60,128,face_no_mask
1980,0111.png,128,191,58,145,face_with_mask
1981,0111.png,532,602,75,175,face_with_mask
1982,0110.jpg,388,579,119,362,face_with_mask
1983,0109.png,0,0,0,0,blank
1984,0108.png,0,0,0,0,blank
1985,0107.png,0,0,0,0,blank
1986,0106.png,0,0,0,0,blank
1987,0104.png,0,0,0,0,blank
1988,0103.png,0,0,0,0,blank
1989,0102.png,0,0,0,0,blank
1990,0101.png,371,450,56,158,face_with_mask
1991,0101.png,58,130,169,275,face_with_mask
1992,0101.png,157,231,37,141,face_with_mask
1993,0100.jpg,405,516,197,340,face_with_mask
1994,0099.png,0,0,0,0,blank
1995,0098.png,15,91,202,317,face_with_mask
1996,0097.png,213,430,108,408,face_with_mask
1997,0096.png,255,342,42,163,face_with_mask
1998,0095.png,325,388,85,183,face_with_mask
1999,0094.png,396,553,95,278,face_with_mask
2000,0094.png,165,249,88,193,face_with_mask
2001,0094.png,96,170,85,182,face_with_mask
2002,0094.png,325,378,76,134,face_with_mask
2003,0093.png,0,0,0,0,blank
2004,0092.png,500,551,103,159,face_with_mask
2005,0091.jpg,423,611,114,396,face_with_mask
2006,0088.png,0,0,0,0,blank
2007,0087.png,358,402,93,166,face_with_mask
2008,0085.png,0,0,0,0,blank
2009,0083.jpg,340,475,30,205,face_with_mask
2010,0082.png,187,234,133,205,face_with_mask
2011,0081.jpg,66,163,187,294,face_with_mask
2012,0079.jpg,0,0,0,0,blank
2013,0078.png,325,390,121,213,face_with_mask
2014,0077.jpg,229,274,74,145,face_with_mask
2015,0076.jpg,567,667,255,394,face_with_mask
2016,0075.jpg,228,469,124,483,face_with_mask
2017,0074.jpg,0,0,0,0,blank
2018,0073.jpg,0,0,0,0,blank
2019,0072.jpg,214,343,290,461,face_with_mask
2020,0072.jpg,408,525,358,523,face_with_mask
2021,0072.jpg,558,672,173,343,face_with_mask
2022,0072.jpg,571,648,240,331,face_with_mask
2023,0072.jpg,785,921,262,434,face_with_mask
2024,0071.jpg,444,487,54,101,face_with_mask
2025,0070.jpg,0,0,0,0,blank
2026,0069.jpg,782,1313,295,928,face_with_mask
2027,0068.jpg,5,93,49,163,face_with_mask
2028,0068.jpg,294,371,74,169,face_with_mask
2029,0067.jpg,382,463,76,178,face_with_mask
2030,0066.jpg,193,447,61,344,face_with_mask
2031,0065.jpg,55,103,132,185,face_with_mask
2032,0064.jpg,0,0,0,0,blank
2033,0063.jpg,381,504,91,274,face_with_mask
2034,0062.jpg,253,345,91,206,face_with_mask
2035,0061.jpg,0,0,0,0,blank
2036,0060.jpg,0,0,0,0,blank
2037,0059.jpg,0,0,0,0,blank
2038,0058.jpg,704,833,168,299,face_with_mask
2039,0057.jpg,966,1051,155,277,face_no_mask
2040,0057.jpg,647,743,126,280,face_with_mask
2041,0057.jpg,1099,1176,156,276,face_with_mask
2042,0056.jpg,0,0,0,0,blank
2043,0055.jpg,480,710,133,437,face_with_mask
2044,0054.jpg,155,264,116,245,face_with_mask
2045,0053.jpg,433,493,387,466,face_with_mask
2046,0052.jpeg,166,269,264,397,face_no_mask
2047,0052.jpeg,328,445,223,368,face_with_mask
2048,0052.jpeg,576,707,69,238,face_with_mask
2049,0051.jpg,668,763,53,182,face_with_mask
2050,0050.jpg,140,175,22,66,face_with_mask
2051,0050.jpg,351,381,16,56,face_with_mask
2052,0050.jpg,23,91,66,151,face_with_mask
2053,0049.jpg,0,0,0,0,blank
2054,0048.jpg,250,335,98,224,face_with_mask
2055,0046.jpg,1017,1278,337,672,face_with_mask
2056,0045.jpg,261,339,291,408,face_with_mask
2057,0045.jpg,799,883,306,420,face_with_mask
2058,0044.jpg,685,757,259,364,face_with_mask
2059,0044.jpg,172,237,422,542,face_no_mask
2060,0043.jpg,976,1401,407,992,face_with_mask
2061,0042.jpg,572,961,97,568,face_with_mask
2062,0041.jpg,520,604,319,409,face_with_mask
2063,0040.jpg,318,383,149,210,face_with_mask
2064,0039.jpg,0,0,0,0,blank
2065,0038.jpg,0,0,0,0,blank
2066,0037.jpg,181,380,128,364,face_with_mask
2067,0036.jpg,0,0,0,0,blank
2068,0035.jpg,460,608,728,942,face_with_mask
2069,0034.jpg,0,0,0,0,blank
2070,0033.jpg,444,593,186,368,face_with_mask
2071,0032.jpg,0,0,0,0,blank
2072,0031.jpg,0,0,0,0,blank
2073,0030.jpg,680,863,348,564,face_with_mask
2074,0029.jpg,452,575,66,241,face_with_mask
2075,0028.jpg,0,0,0,0,blank
2076,0027.jpg,291,396,103,225,face_with_mask
2077,0026.jpg,394,481,154,247,face_with_mask
2078,0025.jpg,384,475,62,148,face_with_mask
2079,0025.jpg,555,674,169,311,face_with_mask
2080,0025.jpg,76,148,393,484,face_no_mask
2081,0024.jpg,385,487,147,282,face_with_mask
2082,0023.jpg,441,801,44,569,face_no_mask
2083,0022.jpg,0,0,0,0,blank
2084,0021.jpg,0,0,0,0,blank
2085,0020.jpg,0,0,0,0,blank
2086,0019.jpg,0,0,0,0,blank
2087,0018.jpg,337,464,76,253,face_with_mask
2088,0017.jpg,474,532,51,131,face_with_mask
2089,0015.jpg,293,417,319,489,face_with_mask
2090,0014.jpg,0,0,0,0,blank
2091,0012.jpg,0,0,0,0,blank
2092,0011.jpg,202,270,69,162,face_with_mask
2093,0011.jpg,404,479,104,206,face_with_mask
2094,0010.jpg,551,666,323,486,face_with_mask
2095,0009.jpg,0,0,0,0,blank
2096,0007.jpg,0,0,0,0,blank
2097,0006.jpg,0,0,0,0,blank
2098,0005.jpg,127,250,88,286,face_with_mask
2099,0004.jpg,636,856,169,439,face_with_mask
2100,0003.jpg,1340,2403,294,1447,face_with_mask
2101,0002.png,352,565,92,378,face_with_mask
2102,0001.jpg,476,795,155,526,face_no_mask
